timestamp,protocol,src_ip,dst_ip,src_port,dst_port,length
2025-04-24 15:11:31.963626,UDP,149.248.20.104,172.20.6.14,44998,3074,496
2025-04-24 15:11:31.965309,UDP,172.20.6.14,149.248.20.104,3074,44998,159
2025-04-24 15:11:31.980066,UDP,149.248.20.104,172.20.6.14,44998,3074,592
2025-04-24 15:11:31.980123,UDP,172.20.6.14,149.248.20.104,3074,44998,169
2025-04-24 15:11:31.996158,UDP,149.248.20.104,172.20.6.14,44998,3074,530
2025-04-24 15:11:32.012238,UDP,149.248.20.104,172.20.6.14,44998,3074,622
2025-04-24 15:11:32.013409,UDP,172.20.6.14,149.248.20.104,3074,44998,169
2025-04-24 15:11:32.027970,UDP,149.248.20.104,172.20.6.14,44998,3074,394
2025-04-24 15:11:32.044418,UDP,149.248.20.104,172.20.6.14,44998,3074,606
2025-04-24 15:11:32.046609,UDP,172.20.6.14,149.248.20.104,3074,44998,169
2025-04-24 15:11:32.060040,UDP,149.248.20.104,172.20.6.14,44998,3074,441
2025-04-24 15:11:32.075427,UDP,149.248.20.104,172.20.6.14,44998,3074,534
2025-04-24 15:11:32.080051,UDP,172.20.6.14,149.248.20.104,3074,44998,169
2025-04-24 15:11:32.091560,UDP,149.248.20.104,172.20.6.14,44998,3074,478
2025-04-24 15:11:32.107895,UDP,149.248.20.104,172.20.6.14,44998,3074,533
2025-04-24 15:11:32.113320,UDP,172.20.6.14,149.248.20.104,3074,44998,169
2025-04-24 15:11:32.125223,UDP,149.248.20.104,172.20.6.14,44998,3074,433
2025-04-24 15:11:32.139949,UDP,149.248.20.104,172.20.6.14,44998,3074,548
2025-04-24 15:11:32.146708,UDP,172.20.6.14,149.248.20.104,3074,44998,169
2025-04-24 15:11:32.156240,UDP,149.248.20.104,172.20.6.14,44998,3074,509
2025-04-24 15:11:32.172046,UDP,149.248.20.104,172.20.6.14,44998,3074,577
2025-04-24 15:11:32.180215,UDP,172.20.6.14,149.248.20.104,3074,44998,169
2025-04-24 15:11:32.188090,UDP,149.248.20.104,172.20.6.14,44998,3074,503
2025-04-24 15:11:32.203904,UDP,149.248.20.104,172.20.6.14,44998,3074,582
2025-04-24 15:11:32.213380,UDP,172.20.6.14,149.248.20.104,3074,44998,165
2025-04-24 15:11:32.220102,UDP,149.248.20.104,172.20.6.14,44998,3074,426
2025-04-24 15:11:32.236129,UDP,149.248.20.104,172.20.6.14,44998,3074,578
2025-04-24 15:11:32.246596,UDP,172.20.6.14,149.248.20.104,3074,44998,165
2025-04-24 15:11:32.252724,UDP,149.248.20.104,172.20.6.14,44998,3074,444
2025-04-24 15:11:32.267967,UDP,149.248.20.104,172.20.6.14,44998,3074,630
2025-04-24 15:11:32.280084,UDP,172.20.6.14,149.248.20.104,3074,44998,169
2025-04-24 15:11:32.283900,UDP,149.248.20.104,172.20.6.14,44998,3074,463
2025-04-24 15:11:32.301393,UDP,149.248.20.104,172.20.6.14,44998,3074,634
2025-04-24 15:11:32.313537,UDP,172.20.6.14,149.248.20.104,3074,44998,169
2025-04-24 15:11:32.315885,UDP,149.248.20.104,172.20.6.14,44998,3074,403
2025-04-24 15:11:32.332913,UDP,149.248.20.104,172.20.6.14,44998,3074,549
2025-04-24 15:11:32.346791,UDP,172.20.6.14,149.248.20.104,3074,44998,169
2025-04-24 15:11:32.348317,UDP,149.248.20.104,172.20.6.14,44998,3074,446
2025-04-24 15:11:32.365208,UDP,149.248.20.104,172.20.6.14,44998,3074,592
2025-04-24 15:11:32.379999,UDP,172.20.6.14,149.248.20.104,3074,44998,172
2025-04-24 15:11:32.380179,UDP,149.248.20.104,172.20.6.14,44998,3074,466
2025-04-24 15:11:32.396190,UDP,149.248.20.104,172.20.6.14,44998,3074,603
2025-04-24 15:11:32.411100,UDP,149.248.20.104,172.20.6.14,44998,3074,480
2025-04-24 15:11:32.413316,UDP,172.20.6.14,149.248.20.104,3074,44998,168
2025-04-24 15:11:32.428252,UDP,149.248.20.104,172.20.6.14,44998,3074,605
2025-04-24 15:11:32.444716,UDP,149.248.20.104,172.20.6.14,44998,3074,548
2025-04-24 15:11:32.446687,UDP,172.20.6.14,149.248.20.104,3074,44998,165
2025-04-24 15:11:32.459673,UDP,149.248.20.104,172.20.6.14,44998,3074,622
2025-04-24 15:11:32.475755,UDP,149.248.20.104,172.20.6.14,44998,3074,547
2025-04-24 15:11:32.480054,UDP,172.20.6.14,149.248.20.104,3074,44998,169
2025-04-24 15:11:32.491804,UDP,149.248.20.104,172.20.6.14,44998,3074,610
2025-04-24 15:11:32.507850,UDP,149.248.20.104,172.20.6.14,44998,3074,519
2025-04-24 15:11:32.513606,UDP,172.20.6.14,149.248.20.104,3074,44998,169
2025-04-24 15:11:32.523873,UDP,149.248.20.104,172.20.6.14,44998,3074,616
2025-04-24 15:11:32.539929,UDP,149.248.20.104,172.20.6.14,44998,3074,533
2025-04-24 15:11:32.546741,UDP,172.20.6.14,149.248.20.104,3074,44998,165
2025-04-24 15:11:32.556074,UDP,149.248.20.104,172.20.6.14,44998,3074,584
2025-04-24 15:11:32.571026,UDP,149.248.20.104,172.20.6.14,44998,3074,497
2025-04-24 15:11:32.580147,UDP,172.20.6.14,149.248.20.104,3074,44998,165
2025-04-24 15:11:32.588396,UDP,149.248.20.104,172.20.6.14,44998,3074,587
2025-04-24 15:11:32.604211,UDP,149.248.20.104,172.20.6.14,44998,3074,514
2025-04-24 15:11:32.613448,UDP,172.20.6.14,149.248.20.104,3074,44998,169
2025-04-24 15:11:32.619192,UDP,149.248.20.104,172.20.6.14,44998,3074,601
2025-04-24 15:11:32.636332,UDP,149.248.20.104,172.20.6.14,44998,3074,506
2025-04-24 15:11:32.646705,UDP,172.20.6.14,149.248.20.104,3074,44998,169
2025-04-24 15:11:32.652342,UDP,149.248.20.104,172.20.6.14,44998,3074,594
2025-04-24 15:11:32.668360,UDP,149.248.20.104,172.20.6.14,44998,3074,492
2025-04-24 15:11:32.679998,UDP,172.20.6.14,149.248.20.104,3074,44998,169
2025-04-24 15:11:32.684563,UDP,149.248.20.104,172.20.6.14,44998,3074,574
2025-04-24 15:11:32.699527,UDP,149.248.20.104,172.20.6.14,44998,3074,414
2025-04-24 15:11:32.713469,UDP,172.20.6.14,149.248.20.104,3074,44998,169
2025-04-24 15:11:32.715333,UDP,149.248.20.104,172.20.6.14,44998,3074,555
2025-04-24 15:11:32.732231,UDP,149.248.20.104,172.20.6.14,44998,3074,503
2025-04-24 15:11:32.746943,UDP,172.20.6.14,149.248.20.104,3074,44998,166
2025-04-24 15:11:32.747396,UDP,149.248.20.104,172.20.6.14,44998,3074,536
2025-04-24 15:11:32.763980,UDP,149.248.20.104,172.20.6.14,44998,3074,513
2025-04-24 15:11:32.779907,UDP,172.20.6.14,149.248.20.104,3074,44998,169
2025-04-24 15:11:32.779926,UDP,149.248.20.104,172.20.6.14,44998,3074,571
2025-04-24 15:11:32.796155,UDP,149.248.20.104,172.20.6.14,44998,3074,408
2025-04-24 15:11:32.811894,UDP,149.248.20.104,172.20.6.14,44998,3074,573
2025-04-24 15:11:32.813400,UDP,172.20.6.14,149.248.20.104,3074,44998,169
2025-04-24 15:11:32.828393,UDP,149.248.20.104,172.20.6.14,44998,3074,431
2025-04-24 15:11:32.843424,UDP,149.248.20.104,172.20.6.14,44998,3074,543
2025-04-24 15:11:32.846674,UDP,172.20.6.14,149.248.20.104,3074,44998,169
2025-04-24 15:11:32.860521,UDP,149.248.20.104,172.20.6.14,44998,3074,459
2025-04-24 15:11:32.875521,UDP,149.248.20.104,172.20.6.14,44998,3074,551
2025-04-24 15:11:32.879896,UDP,172.20.6.14,149.248.20.104,3074,44998,172
2025-04-24 15:11:32.891583,UDP,149.248.20.104,172.20.6.14,44998,3074,441
2025-04-24 15:11:32.907564,UDP,149.248.20.104,172.20.6.14,44998,3074,555
2025-04-24 15:11:32.913397,UDP,172.20.6.14,149.248.20.104,3074,44998,169
2025-04-24 15:11:32.924339,UDP,149.248.20.104,172.20.6.14,44998,3074,448
2025-04-24 15:11:32.940130,UDP,149.248.20.104,172.20.6.14,44998,3074,570
2025-04-24 15:11:32.946722,UDP,172.20.6.14,149.248.20.104,3074,44998,169
2025-04-24 15:11:32.956227,UDP,149.248.20.104,172.20.6.14,44998,3074,454
2025-04-24 15:11:32.971667,UDP,149.248.20.104,172.20.6.14,44998,3074,563
2025-04-24 15:11:32.980127,UDP,172.20.6.14,149.248.20.104,3074,44998,169
2025-04-24 15:11:32.987667,UDP,149.248.20.104,172.20.6.14,44998,3074,449
2025-04-24 15:11:33.004209,UDP,149.248.20.104,172.20.6.14,44998,3074,561
2025-04-24 15:11:33.013330,UDP,172.20.6.14,149.248.20.104,3074,44998,169
2025-04-24 15:11:33.020631,UDP,149.248.20.104,172.20.6.14,44998,3074,492
2025-04-24 15:11:33.036611,UDP,149.248.20.104,172.20.6.14,44998,3074,560
2025-04-24 15:11:33.046726,UDP,172.20.6.14,149.248.20.104,3074,44998,169
2025-04-24 15:11:33.051659,UDP,149.248.20.104,172.20.6.14,44998,3074,441
2025-04-24 15:11:33.069115,UDP,149.248.20.104,172.20.6.14,44998,3074,547
2025-04-24 15:11:33.080412,UDP,172.20.6.14,149.248.20.104,3074,44998,166
2025-04-24 15:11:33.085081,UDP,149.248.20.104,172.20.6.14,44998,3074,468
2025-04-24 15:11:33.099154,UDP,149.248.20.104,172.20.6.14,44998,3074,597
2025-04-24 15:11:33.113377,UDP,172.20.6.14,149.248.20.104,3074,44998,166
2025-04-24 15:11:33.116429,UDP,149.248.20.104,172.20.6.14,44998,3074,522
2025-04-24 15:11:33.132685,UDP,149.248.20.104,172.20.6.14,44998,3074,674
2025-04-24 15:11:33.146479,UDP,172.20.6.14,149.248.20.104,3074,44998,169
2025-04-24 15:11:33.147904,UDP,149.248.20.104,172.20.6.14,44998,3074,547
2025-04-24 15:11:33.164067,UDP,149.248.20.104,172.20.6.14,44998,3074,746
2025-04-24 15:11:33.180114,UDP,172.20.6.14,149.248.20.104,3074,44998,169
2025-04-24 15:11:33.180132,UDP,149.248.20.104,172.20.6.14,44998,3074,505
2025-04-24 15:11:33.196217,UDP,149.248.20.104,172.20.6.14,44998,3074,759
2025-04-24 15:11:33.213066,UDP,149.248.20.104,172.20.6.14,44998,3074,500
2025-04-24 15:11:33.213470,UDP,172.20.6.14,149.248.20.104,3074,44998,169
2025-04-24 15:11:33.228234,UDP,149.248.20.104,172.20.6.14,44998,3074,711
2025-04-24 15:11:33.243596,UDP,149.248.20.104,172.20.6.14,44998,3074,485
2025-04-24 15:11:33.246633,UDP,172.20.6.14,149.248.20.104,3074,44998,169
2025-04-24 15:11:33.260596,UDP,149.248.20.104,172.20.6.14,44998,3074,571
2025-04-24 15:11:33.276058,UDP,149.248.20.104,172.20.6.14,44998,3074,482
2025-04-24 15:11:33.279803,UDP,172.20.6.14,149.248.20.104,3074,44998,169
2025-04-24 15:11:33.292330,UDP,149.248.20.104,172.20.6.14,44998,3074,565
2025-04-24 15:11:33.308164,UDP,149.248.20.104,172.20.6.14,44998,3074,468
2025-04-24 15:11:33.313367,UDP,172.20.6.14,149.248.20.104,3074,44998,169
2025-04-24 15:11:33.346693,UDP,172.20.6.14,149.248.20.104,3074,44998,169
2025-04-24 15:11:33.375761,UDP,149.248.20.104,172.20.6.14,44998,3074,571
2025-04-24 15:11:33.375761,UDP,149.248.20.104,172.20.6.14,44998,3074,473
2025-04-24 15:11:33.375761,UDP,149.248.20.104,172.20.6.14,44998,3074,581
2025-04-24 15:11:33.375761,UDP,149.248.20.104,172.20.6.14,44998,3074,473
2025-04-24 15:11:33.379975,UDP,172.20.6.14,149.248.20.104,3074,44998,176
2025-04-24 15:11:33.388154,UDP,149.248.20.104,172.20.6.14,44998,3074,645
2025-04-24 15:11:33.404581,UDP,149.248.20.104,172.20.6.14,44998,3074,575
2025-04-24 15:11:33.413370,UDP,172.20.6.14,149.248.20.104,3074,44998,178
2025-04-24 15:11:33.420860,UDP,149.248.20.104,172.20.6.14,44998,3074,667
2025-04-24 15:11:33.436404,UDP,149.248.20.104,172.20.6.14,44998,3074,468
2025-04-24 15:11:33.446765,UDP,172.20.6.14,149.248.20.104,3074,44998,166
2025-04-24 15:11:33.452635,UDP,149.248.20.104,172.20.6.14,44998,3074,601
2025-04-24 15:11:33.455999,UDP,172.20.6.14,104.238.140.143,3074,33070,74
2025-04-24 15:11:33.468750,UDP,149.248.20.104,172.20.6.14,44998,3074,452
2025-04-24 15:11:33.471020,UDP,104.238.140.143,172.20.6.14,33070,3074,74
2025-04-24 15:11:33.479986,UDP,172.20.6.14,149.248.20.104,3074,44998,169
2025-04-24 15:11:33.484956,UDP,149.248.20.104,172.20.6.14,44998,3074,732
2025-04-24 15:11:33.499720,UDP,149.248.20.104,172.20.6.14,44998,3074,568
2025-04-24 15:11:33.513179,UDP,172.20.6.14,149.248.20.104,3074,44998,170
2025-04-24 15:11:33.516915,UDP,149.248.20.104,172.20.6.14,44998,3074,704
2025-04-24 15:11:33.532164,UDP,149.248.20.104,172.20.6.14,44998,3074,585
2025-04-24 15:11:33.546594,UDP,172.20.6.14,149.248.20.104,3074,44998,166
2025-04-24 15:11:33.547283,UDP,149.248.20.104,172.20.6.14,44998,3074,637
2025-04-24 15:11:33.564470,UDP,149.248.20.104,172.20.6.14,44998,3074,511
2025-04-24 15:11:33.579801,UDP,172.20.6.14,149.248.20.104,3074,44998,166
2025-04-24 15:11:33.580287,UDP,149.248.20.104,172.20.6.14,44998,3074,580
2025-04-24 15:11:33.596348,UDP,149.248.20.104,172.20.6.14,44998,3074,459
2025-04-24 15:11:33.612392,UDP,149.248.20.104,172.20.6.14,44998,3074,566
2025-04-24 15:11:33.613121,UDP,172.20.6.14,149.248.20.104,3074,44998,170
2025-04-24 15:11:33.628287,UDP,149.248.20.104,172.20.6.14,44998,3074,587
2025-04-24 15:11:33.644336,UDP,149.248.20.104,172.20.6.14,44998,3074,685
2025-04-24 15:11:33.646431,UDP,172.20.6.14,149.248.20.104,3074,44998,172
2025-04-24 15:11:33.659351,UDP,149.248.20.104,172.20.6.14,44998,3074,385
2025-04-24 15:11:33.676022,UDP,149.248.20.104,172.20.6.14,44998,3074,675
2025-04-24 15:11:33.679909,UDP,172.20.6.14,149.248.20.104,3074,44998,169
2025-04-24 15:11:33.691940,UDP,149.248.20.104,172.20.6.14,44998,3074,402
2025-04-24 15:11:33.707843,UDP,149.248.20.104,172.20.6.14,44998,3074,614
2025-04-24 15:11:33.713244,UDP,172.20.6.14,149.248.20.104,3074,44998,169
2025-04-24 15:11:33.723847,UDP,149.248.20.104,172.20.6.14,44998,3074,514
2025-04-24 15:11:33.740948,UDP,149.248.20.104,172.20.6.14,44998,3074,713
2025-04-24 15:11:33.746466,UDP,172.20.6.14,149.248.20.104,3074,44998,169
2025-04-24 15:11:33.755959,UDP,149.248.20.104,172.20.6.14,44998,3074,510
2025-04-24 15:11:33.772003,UDP,149.248.20.104,172.20.6.14,44998,3074,701
2025-04-24 15:11:33.779965,UDP,172.20.6.14,149.248.20.104,3074,44998,169
2025-04-24 15:11:33.786957,UDP,149.248.20.104,172.20.6.14,44998,3074,524
2025-04-24 15:11:33.804112,UDP,149.248.20.104,172.20.6.14,44998,3074,660
2025-04-24 15:11:33.813516,UDP,172.20.6.14,149.248.20.104,3074,44998,169
2025-04-24 15:11:33.821226,UDP,149.248.20.104,172.20.6.14,44998,3074,610
2025-04-24 15:11:33.836609,UDP,149.248.20.104,172.20.6.14,44998,3074,759
2025-04-24 15:11:33.847000,UDP,172.20.6.14,149.248.20.104,3074,44998,169
2025-04-24 15:11:33.852177,UDP,149.248.20.104,172.20.6.14,44998,3074,640
2025-04-24 15:11:33.868213,UDP,149.248.20.104,172.20.6.14,44998,3074,784
2025-04-24 15:11:33.880054,UDP,172.20.6.14,149.248.20.104,3074,44998,169
2025-04-24 15:11:33.884272,UDP,149.248.20.104,172.20.6.14,44998,3074,496
2025-04-24 15:11:33.899234,UDP,149.248.20.104,172.20.6.14,44998,3074,737
2025-04-24 15:11:33.913600,UDP,172.20.6.14,149.248.20.104,3074,44998,169
2025-04-24 15:11:33.916360,UDP,149.248.20.104,172.20.6.14,44998,3074,543
2025-04-24 15:11:33.932587,UDP,149.248.20.104,172.20.6.14,44998,3074,707
2025-04-24 15:11:33.946849,UDP,172.20.6.14,149.248.20.104,3074,44998,169
2025-04-24 15:11:33.948160,UDP,149.248.20.104,172.20.6.14,44998,3074,438
2025-04-24 15:11:33.964656,UDP,149.248.20.104,172.20.6.14,44998,3074,1038
2025-04-24 15:11:33.979651,UDP,149.248.20.104,172.20.6.14,44998,3074,709
2025-04-24 15:11:33.980326,UDP,172.20.6.14,149.248.20.104,3074,44998,169
2025-04-24 15:11:33.996729,UDP,149.248.20.104,172.20.6.14,44998,3074,1002
2025-04-24 15:11:34.012873,UDP,149.248.20.104,172.20.6.14,44998,3074,614
2025-04-24 15:11:34.013325,UDP,172.20.6.14,149.248.20.104,3074,44998,172
2025-04-24 15:11:34.027762,UDP,149.248.20.104,172.20.6.14,44998,3074,992
2025-04-24 15:11:34.045107,UDP,149.248.20.104,172.20.6.14,44998,3074,419
2025-04-24 15:11:34.047081,UDP,172.20.6.14,149.248.20.104,3074,44998,169
2025-04-24 15:11:34.061424,UDP,149.248.20.104,172.20.6.14,44998,3074,651
2025-04-24 15:11:34.076045,UDP,149.248.20.104,172.20.6.14,44998,3074,438
2025-04-24 15:11:34.079866,UDP,172.20.6.14,149.248.20.104,3074,44998,169
2025-04-24 15:11:34.092090,UDP,149.248.20.104,172.20.6.14,44998,3074,583
2025-04-24 15:11:34.108125,UDP,149.248.20.104,172.20.6.14,44998,3074,456
2025-04-24 15:11:34.113509,UDP,172.20.6.14,149.248.20.104,3074,44998,169
2025-04-24 15:11:34.124454,UDP,149.248.20.104,172.20.6.14,44998,3074,548
2025-04-24 15:11:34.140168,UDP,149.248.20.104,172.20.6.14,44998,3074,478
2025-04-24 15:11:34.146659,UDP,172.20.6.14,149.248.20.104,3074,44998,169
2025-04-24 15:11:34.156368,UDP,149.248.20.104,172.20.6.14,44998,3074,578
2025-04-24 15:11:34.172290,UDP,149.248.20.104,172.20.6.14,44998,3074,496
2025-04-24 15:11:34.188360,UDP,149.248.20.104,172.20.6.14,44998,3074,589
2025-04-24 15:11:34.203378,UDP,149.248.20.104,172.20.6.14,44998,3074,487
2025-04-24 15:11:34.219433,UDP,149.248.20.104,172.20.6.14,44998,3074,613
2025-04-24 15:11:34.237001,UDP,149.248.20.104,172.20.6.14,44998,3074,597
2025-04-24 15:11:34.252719,UDP,149.248.20.104,172.20.6.14,44998,3074,753
2025-04-24 15:11:34.268765,UDP,149.248.20.104,172.20.6.14,44998,3074,619
2025-04-24 15:11:34.283162,UDP,172.20.6.14,149.248.20.104,3074,44998,189
2025-04-24 15:11:34.284185,UDP,149.248.20.104,172.20.6.14,44998,3074,844
2025-04-24 15:11:34.299829,UDP,149.248.20.104,172.20.6.14,44998,3074,849
2025-04-24 15:11:34.313269,UDP,172.20.6.14,149.248.20.104,3074,44998,206
2025-04-24 15:11:34.315983,UDP,149.248.20.104,172.20.6.14,44998,3074,842
2025-04-24 15:11:34.320890,UDP,172.20.6.14,149.248.20.104,3074,44998,243
2025-04-24 15:11:34.331993,UDP,149.248.20.104,172.20.6.14,44998,3074,659
2025-04-24 15:11:34.343044,UDP,172.20.6.14,149.248.20.104,3074,44998,226
2025-04-24 15:11:34.347893,UDP,149.248.20.104,172.20.6.14,44998,3074,808
2025-04-24 15:11:34.349054,UDP,172.20.6.14,149.248.20.104,3074,44998,257
2025-04-24 15:11:34.356271,UDP,172.20.6.14,149.248.20.104,3074,44998,222
2025-04-24 15:11:34.363933,UDP,149.248.20.104,172.20.6.14,44998,3074,441
2025-04-24 15:11:34.364028,UDP,172.20.6.14,149.248.20.104,3074,44998,221
2025-04-24 15:11:34.376557,UDP,172.20.6.14,149.248.20.104,3074,44998,215
2025-04-24 15:11:34.380195,UDP,149.248.20.104,172.20.6.14,44998,3074,521
2025-04-24 15:11:34.395272,UDP,172.20.6.14,149.248.20.104,3074,44998,241
2025-04-24 15:11:34.396113,UDP,149.248.20.104,172.20.6.14,44998,3074,729
2025-04-24 15:11:34.407754,UDP,172.20.6.14,149.248.20.104,3074,44998,206
2025-04-24 15:11:34.411334,UDP,149.248.20.104,172.20.6.14,44998,3074,564
2025-04-24 15:11:34.427422,UDP,149.248.20.104,172.20.6.14,44998,3074,600
2025-04-24 15:11:34.427647,UDP,172.20.6.14,149.248.20.104,3074,44998,237
2025-04-24 15:11:34.440115,UDP,172.20.6.14,149.248.20.104,3074,44998,181
2025-04-24 15:11:34.443564,UDP,149.248.20.104,172.20.6.14,44998,3074,690
2025-04-24 15:11:34.446214,UDP,172.20.6.14,149.248.20.104,3074,44998,214
2025-04-24 15:11:34.452388,UDP,172.20.6.14,149.248.20.104,3074,44998,186
2025-04-24 15:11:34.458512,UDP,172.20.6.14,149.248.20.104,3074,44998,184
2025-04-24 15:11:34.459990,UDP,149.248.20.104,172.20.6.14,44998,3074,737
2025-04-24 15:11:34.465032,UDP,172.20.6.14,149.248.20.104,3074,44998,185
2025-04-24 15:11:34.476237,UDP,149.248.20.104,172.20.6.14,44998,3074,792
2025-04-24 15:11:34.483664,UDP,172.20.6.14,149.248.20.104,3074,44998,204
2025-04-24 15:11:34.492346,UDP,149.248.20.104,172.20.6.14,44998,3074,756
2025-04-24 15:11:34.496264,UDP,172.20.6.14,149.248.20.104,3074,44998,237
2025-04-24 15:11:34.508372,UDP,149.248.20.104,172.20.6.14,44998,3074,682
2025-04-24 15:11:34.515139,UDP,172.20.6.14,149.248.20.104,3074,44998,212
2025-04-24 15:11:34.524500,UDP,149.248.20.104,172.20.6.14,44998,3074,596
2025-04-24 15:11:34.533779,UDP,172.20.6.14,149.248.20.104,3074,44998,209
2025-04-24 15:11:34.539754,UDP,149.248.20.104,172.20.6.14,44998,3074,602
2025-04-24 15:11:34.552354,UDP,172.20.6.14,149.248.20.104,3074,44998,208
2025-04-24 15:11:34.557042,UDP,149.248.20.104,172.20.6.14,44998,3074,567
2025-04-24 15:11:34.571021,UDP,172.20.6.14,149.248.20.104,3074,44998,211
2025-04-24 15:11:34.572348,UDP,149.248.20.104,172.20.6.14,44998,3074,574
2025-04-24 15:11:34.588625,UDP,149.248.20.104,172.20.6.14,44998,3074,557
2025-04-24 15:11:34.589328,UDP,172.20.6.14,149.248.20.104,3074,44998,208
2025-04-24 15:11:34.603773,UDP,149.248.20.104,172.20.6.14,44998,3074,704
2025-04-24 15:11:34.608212,UDP,172.20.6.14,149.248.20.104,3074,44998,204
2025-04-24 15:11:34.620639,UDP,172.20.6.14,149.248.20.104,3074,44998,233
2025-04-24 15:11:34.620865,UDP,149.248.20.104,172.20.6.14,44998,3074,531
2025-04-24 15:11:34.636924,UDP,149.248.20.104,172.20.6.14,44998,3074,585
2025-04-24 15:11:34.639212,UDP,172.20.6.14,149.248.20.104,3074,44998,229
2025-04-24 15:11:34.652086,UDP,149.248.20.104,172.20.6.14,44998,3074,520
2025-04-24 15:11:34.657678,UDP,172.20.6.14,149.248.20.104,3074,44998,198
2025-04-24 15:11:34.676105,UDP,172.20.6.14,149.248.20.104,3074,44998,227
2025-04-24 15:11:34.684654,UDP,149.248.20.104,172.20.6.14,44998,3074,637
2025-04-24 15:11:34.694818,UDP,172.20.6.14,149.248.20.104,3074,44998,231
2025-04-24 15:11:34.701781,UDP,149.248.20.104,172.20.6.14,44998,3074,795
2025-04-24 15:11:34.713279,UDP,172.20.6.14,149.248.20.104,3074,44998,204
2025-04-24 15:11:34.717005,UDP,149.248.20.104,172.20.6.14,44998,3074,633
2025-04-24 15:11:34.732156,UDP,172.20.6.14,149.248.20.104,3074,44998,203
2025-04-24 15:11:34.733277,UDP,149.248.20.104,172.20.6.14,44998,3074,743
2025-04-24 15:11:34.749024,UDP,149.248.20.104,172.20.6.14,44998,3074,555
2025-04-24 15:11:34.750245,UDP,172.20.6.14,149.248.20.104,3074,44998,202
2025-04-24 15:11:34.764758,UDP,149.248.20.104,172.20.6.14,44998,3074,836
2025-04-24 15:11:34.769062,UDP,172.20.6.14,149.248.20.104,3074,44998,232
2025-04-24 15:11:34.780803,UDP,149.248.20.104,172.20.6.14,44998,3074,558
2025-04-24 15:11:34.781250,UDP,172.20.6.14,149.248.20.104,3074,44998,240
2025-04-24 15:11:34.795894,UDP,149.248.20.104,172.20.6.14,44998,3074,668
2025-04-24 15:11:34.799735,UDP,172.20.6.14,149.248.20.104,3074,44998,246
2025-04-24 15:11:34.811923,UDP,149.248.20.104,172.20.6.14,44998,3074,573
2025-04-24 15:11:34.818163,UDP,172.20.6.14,149.248.20.104,3074,44998,209
2025-04-24 15:11:34.829081,UDP,149.248.20.104,172.20.6.14,44998,3074,764
2025-04-24 15:11:34.836795,UDP,172.20.6.14,149.248.20.104,3074,44998,205
2025-04-24 15:11:34.845132,UDP,149.248.20.104,172.20.6.14,44998,3074,588
2025-04-24 15:11:34.855410,UDP,172.20.6.14,149.248.20.104,3074,44998,204
2025-04-24 15:11:34.860442,UDP,149.248.20.104,172.20.6.14,44998,3074,627
2025-04-24 15:11:34.873873,UDP,172.20.6.14,149.248.20.104,3074,44998,215
2025-04-24 15:11:34.876308,UDP,149.248.20.104,172.20.6.14,44998,3074,572
2025-04-24 15:11:34.879743,UDP,172.20.6.14,149.248.20.104,3074,44998,213
2025-04-24 15:11:34.885853,UDP,172.20.6.14,149.248.20.104,3074,44998,185
2025-04-24 15:11:34.892278,UDP,172.20.6.14,149.248.20.104,3074,44998,183
2025-04-24 15:11:34.892671,UDP,149.248.20.104,172.20.6.14,44998,3074,637
2025-04-24 15:11:34.907152,UDP,149.248.20.104,172.20.6.14,44998,3074,471
2025-04-24 15:11:34.910874,UDP,172.20.6.14,149.248.20.104,3074,44998,205
2025-04-24 15:11:34.923124,UDP,172.20.6.14,149.248.20.104,3074,44998,241
2025-04-24 15:11:34.924053,UDP,149.248.20.104,172.20.6.14,44998,3074,704
2025-04-24 15:11:34.940072,UDP,149.248.20.104,172.20.6.14,44998,3074,522
2025-04-24 15:11:34.941703,UDP,172.20.6.14,149.248.20.104,3074,44998,243
2025-04-24 15:11:34.947712,UDP,172.20.6.14,149.248.20.104,3074,44998,220
2025-04-24 15:11:34.953741,UDP,172.20.6.14,149.248.20.104,3074,44998,185
2025-04-24 15:11:34.956117,UDP,149.248.20.104,172.20.6.14,44998,3074,688
2025-04-24 15:11:34.960195,UDP,172.20.6.14,149.248.20.104,3074,44998,193
2025-04-24 15:11:34.966124,UDP,172.20.6.14,149.248.20.104,3074,44998,192
2025-04-24 15:11:34.972119,UDP,149.248.20.104,172.20.6.14,44998,3074,546
2025-04-24 15:11:34.972588,UDP,172.20.6.14,149.248.20.104,3074,44998,190
2025-04-24 15:11:34.978637,UDP,172.20.6.14,149.248.20.104,3074,44998,183
2025-04-24 15:11:34.988175,UDP,149.248.20.104,172.20.6.14,44998,3074,628
2025-04-24 15:11:34.997248,UDP,172.20.6.14,149.248.20.104,3074,44998,207
2025-04-24 15:11:35.004251,UDP,149.248.20.104,172.20.6.14,44998,3074,575
2025-04-24 15:11:35.015708,UDP,172.20.6.14,149.248.20.104,3074,44998,212
2025-04-24 15:11:35.020268,UDP,149.248.20.104,172.20.6.14,44998,3074,596
2025-04-24 15:11:35.034207,UDP,172.20.6.14,149.248.20.104,3074,44998,212
2025-04-24 15:11:35.036331,UDP,149.248.20.104,172.20.6.14,44998,3074,561
2025-04-24 15:11:35.051898,UDP,149.248.20.104,172.20.6.14,44998,3074,615
2025-04-24 15:11:35.052966,UDP,172.20.6.14,149.248.20.104,3074,44998,207
2025-04-24 15:11:35.065867,UDP,172.20.6.14,149.248.20.104,3074,44998,223
2025-04-24 15:11:35.067298,UDP,149.248.20.104,172.20.6.14,44998,3074,533
2025-04-24 15:11:35.073106,UDP,172.20.6.14,149.248.20.104,3074,44998,223
2025-04-24 15:11:35.079057,UDP,172.20.6.14,149.248.20.104,3074,44998,188
2025-04-24 15:11:35.084215,UDP,149.248.20.104,172.20.6.14,44998,3074,592
2025-04-24 15:11:35.085349,UDP,172.20.6.14,149.248.20.104,3074,44998,188
2025-04-24 15:11:35.100245,UDP,149.248.20.104,172.20.6.14,44998,3074,519
2025-04-24 15:11:35.104471,UDP,172.20.6.14,149.248.20.104,3074,44998,206
2025-04-24 15:11:35.117330,UDP,149.248.20.104,172.20.6.14,44998,3074,696
2025-04-24 15:11:35.124843,UDP,172.20.6.14,149.248.20.104,3074,44998,209
2025-04-24 15:11:35.132428,UDP,149.248.20.104,172.20.6.14,44998,3074,571
2025-04-24 15:11:35.137173,UDP,172.20.6.14,149.248.20.104,3074,44998,244
2025-04-24 15:11:35.148451,UDP,149.248.20.104,172.20.6.14,44998,3074,582
2025-04-24 15:11:35.149408,UDP,172.20.6.14,149.248.20.104,3074,44998,223
2025-04-24 15:11:35.155582,UDP,172.20.6.14,149.248.20.104,3074,44998,230
2025-04-24 15:11:35.161563,UDP,172.20.6.14,149.248.20.104,3074,44998,197
2025-04-24 15:11:35.163654,UDP,149.248.20.104,172.20.6.14,44998,3074,537
2025-04-24 15:11:35.167799,UDP,172.20.6.14,149.248.20.104,3074,44998,192
2025-04-24 15:11:35.174069,UDP,172.20.6.14,149.248.20.104,3074,44998,190
2025-04-24 15:11:35.180180,UDP,172.20.6.14,149.248.20.104,3074,44998,190
2025-04-24 15:11:35.180229,UDP,149.248.20.104,172.20.6.14,44998,3074,562
2025-04-24 15:11:35.192661,UDP,172.20.6.14,149.248.20.104,3074,44998,206
2025-04-24 15:11:35.196288,UDP,149.248.20.104,172.20.6.14,44998,3074,638
2025-04-24 15:11:35.211147,UDP,172.20.6.14,149.248.20.104,3074,44998,202
2025-04-24 15:11:35.212332,UDP,149.248.20.104,172.20.6.14,44998,3074,744
2025-04-24 15:11:35.227343,UDP,149.248.20.104,172.20.6.14,44998,3074,486
2025-04-24 15:11:35.230102,UDP,172.20.6.14,149.248.20.104,3074,44998,204
2025-04-24 15:11:35.236265,UDP,172.20.6.14,149.248.20.104,3074,44998,213
2025-04-24 15:11:35.242434,UDP,172.20.6.14,149.248.20.104,3074,44998,180
2025-04-24 15:11:35.245495,UDP,149.248.20.104,172.20.6.14,44998,3074,780
2025-04-24 15:11:35.248933,UDP,172.20.6.14,149.248.20.104,3074,44998,189
2025-04-24 15:11:35.254968,UDP,172.20.6.14,149.248.20.104,3074,44998,191
2025-04-24 15:11:35.261180,UDP,172.20.6.14,149.248.20.104,3074,44998,228
2025-04-24 15:11:35.261372,UDP,149.248.20.104,172.20.6.14,44998,3074,619
2025-04-24 15:11:35.275735,UDP,149.248.20.104,172.20.6.14,44998,3074,786
2025-04-24 15:11:35.279657,UDP,172.20.6.14,149.248.20.104,3074,44998,222
2025-04-24 15:11:35.292088,UDP,149.248.20.104,172.20.6.14,44998,3074,594
2025-04-24 15:11:35.298762,UDP,172.20.6.14,149.248.20.104,3074,44998,214
2025-04-24 15:11:35.308217,UDP,149.248.20.104,172.20.6.14,44998,3074,824
2025-04-24 15:11:35.317311,UDP,172.20.6.14,149.248.20.104,3074,44998,210
2025-04-24 15:11:35.323253,UDP,172.20.6.14,149.248.20.104,3074,44998,218
2025-04-24 15:11:35.326075,UDP,149.248.20.104,172.20.6.14,44998,3074,534
2025-04-24 15:11:35.329145,UDP,172.20.6.14,149.248.20.104,3074,44998,185
2025-04-24 15:11:35.335497,UDP,172.20.6.14,149.248.20.104,3074,44998,203
2025-04-24 15:11:35.340674,UDP,149.248.20.104,172.20.6.14,44998,3074,707
2025-04-24 15:11:35.341645,UDP,172.20.6.14,149.248.20.104,3074,44998,201
2025-04-24 15:11:35.347686,UDP,172.20.6.14,149.248.20.104,3074,44998,203
2025-04-24 15:11:35.354112,UDP,172.20.6.14,149.248.20.104,3074,44998,201
2025-04-24 15:11:35.356041,UDP,149.248.20.104,172.20.6.14,44998,3074,594
2025-04-24 15:11:35.371880,UDP,149.248.20.104,172.20.6.14,44998,3074,580
2025-04-24 15:11:35.372785,UDP,172.20.6.14,149.248.20.104,3074,44998,226
2025-04-24 15:11:35.385478,UDP,172.20.6.14,149.248.20.104,3074,44998,276
2025-04-24 15:11:35.388501,UDP,149.248.20.104,172.20.6.14,44998,3074,611
2025-04-24 15:11:35.403642,UDP,172.20.6.14,149.248.20.104,3074,44998,272
2025-04-24 15:11:35.405108,UDP,149.248.20.104,172.20.6.14,44998,3074,798
2025-04-24 15:11:35.419827,UDP,149.248.20.104,172.20.6.14,44998,3074,546
2025-04-24 15:11:35.422804,UDP,172.20.6.14,149.248.20.104,3074,44998,224
2025-04-24 15:11:35.436156,UDP,149.248.20.104,172.20.6.14,44998,3074,909
2025-04-24 15:11:35.451306,UDP,172.20.6.14,149.248.20.104,3074,44998,231
2025-04-24 15:11:35.451743,UDP,149.248.20.104,172.20.6.14,44998,3074,571
2025-04-24 15:11:35.457634,UDP,172.20.6.14,149.248.20.104,3074,44998,237
2025-04-24 15:11:35.469826,UDP,149.248.20.104,172.20.6.14,44998,3074,1047
2025-04-24 15:11:35.475892,UDP,172.20.6.14,149.248.20.104,3074,44998,232
2025-04-24 15:11:35.485988,UDP,149.248.20.104,172.20.6.14,44998,3074,830
2025-04-24 15:11:35.494610,UDP,172.20.6.14,149.248.20.104,3074,44998,222
2025-04-24 15:11:35.500842,UDP,149.248.20.104,172.20.6.14,44998,3074,796
2025-04-24 15:11:35.511099,UDP,172.20.6.14,149.248.20.104,3074,44998,217
2025-04-24 15:11:35.519015,UDP,149.248.20.104,172.20.6.14,44998,3074,917
2025-04-24 15:11:35.527786,UDP,172.20.6.14,149.248.20.104,3074,44998,213
2025-04-24 15:11:35.530138,UDP,172.20.6.14,149.248.20.104,3074,44998,159
2025-04-24 15:11:35.531922,UDP,149.248.20.104,172.20.6.14,44998,3074,1017
2025-04-24 15:11:35.542620,UDP,172.20.6.14,149.248.20.104,3074,44998,215
2025-04-24 15:11:35.548973,UDP,149.248.20.104,172.20.6.14,44998,3074,532
2025-04-24 15:11:35.563543,UDP,172.20.6.14,149.248.20.104,3074,44998,226
2025-04-24 15:11:35.565009,UDP,149.248.20.104,172.20.6.14,44998,3074,543
2025-04-24 15:11:35.576640,UDP,172.20.6.14,149.248.20.104,3074,44998,238
2025-04-24 15:11:35.579934,UDP,149.248.20.104,172.20.6.14,44998,3074,407
2025-04-24 15:11:35.589132,UDP,172.20.6.14,149.248.20.104,3074,44998,286
2025-04-24 15:11:35.596055,UDP,149.248.20.104,172.20.6.14,44998,3074,528
2025-04-24 15:11:35.607717,UDP,172.20.6.14,149.248.20.104,3074,44998,237
2025-04-24 15:11:35.613222,UDP,149.248.20.104,172.20.6.14,44998,3074,443
2025-04-24 15:11:35.619751,UDP,172.20.6.14,149.248.20.104,3074,44998,234
2025-04-24 15:11:35.628402,UDP,149.248.20.104,172.20.6.14,44998,3074,565
2025-04-24 15:11:35.638780,UDP,172.20.6.14,149.248.20.104,3074,44998,232
2025-04-24 15:11:35.645041,UDP,149.248.20.104,172.20.6.14,44998,3074,460
2025-04-24 15:11:35.651078,UDP,172.20.6.14,149.248.20.104,3074,44998,231
2025-04-24 15:11:35.660323,UDP,149.248.20.104,172.20.6.14,44998,3074,502
2025-04-24 15:11:35.669291,UDP,172.20.6.14,149.248.20.104,3074,44998,235
2025-04-24 15:11:35.676256,UDP,149.248.20.104,172.20.6.14,44998,3074,465
2025-04-24 15:11:35.687742,UDP,172.20.6.14,149.248.20.104,3074,44998,236
2025-04-24 15:11:35.693366,UDP,149.248.20.104,172.20.6.14,44998,3074,637
2025-04-24 15:11:35.700100,UDP,172.20.6.14,149.248.20.104,3074,44998,233
2025-04-24 15:11:35.708230,UDP,149.248.20.104,172.20.6.14,44998,3074,519
2025-04-24 15:11:35.718766,UDP,172.20.6.14,149.248.20.104,3074,44998,233
2025-04-24 15:11:35.724170,UDP,149.248.20.104,172.20.6.14,44998,3074,528
2025-04-24 15:11:35.731106,UDP,172.20.6.14,149.248.20.104,3074,44998,235
2025-04-24 15:11:35.740215,UDP,149.248.20.104,172.20.6.14,44998,3074,454
2025-04-24 15:11:35.749362,UDP,172.20.6.14,149.248.20.104,3074,44998,236
2025-04-24 15:11:35.756271,UDP,149.248.20.104,172.20.6.14,44998,3074,534
2025-04-24 15:11:35.768229,UDP,172.20.6.14,149.248.20.104,3074,44998,230
2025-04-24 15:11:35.773001,UDP,149.248.20.104,172.20.6.14,44998,3074,442
2025-04-24 15:11:35.780691,UDP,172.20.6.14,149.248.20.104,3074,44998,227
2025-04-24 15:11:35.788301,UDP,149.248.20.104,172.20.6.14,44998,3074,538
2025-04-24 15:11:35.798971,UDP,172.20.6.14,149.248.20.104,3074,44998,234
2025-04-24 15:11:35.804343,UDP,149.248.20.104,172.20.6.14,44998,3074,469
2025-04-24 15:11:35.811322,UDP,172.20.6.14,149.248.20.104,3074,44998,237
2025-04-24 15:11:35.820367,UDP,149.248.20.104,172.20.6.14,44998,3074,567
2025-04-24 15:11:35.830371,UDP,172.20.6.14,149.248.20.104,3074,44998,232
2025-04-24 15:11:35.836451,UDP,149.248.20.104,172.20.6.14,44998,3074,474
2025-04-24 15:11:35.842576,UDP,172.20.6.14,149.248.20.104,3074,44998,231
2025-04-24 15:11:35.852498,UDP,149.248.20.104,172.20.6.14,44998,3074,530
2025-04-24 15:11:35.861182,UDP,172.20.6.14,149.248.20.104,3074,44998,276
2025-04-24 15:11:35.867441,UDP,149.248.20.104,172.20.6.14,44998,3074,505
2025-04-24 15:11:35.879602,UDP,172.20.6.14,149.248.20.104,3074,44998,238
2025-04-24 15:11:35.884959,UDP,149.248.20.104,172.20.6.14,44998,3074,592
2025-04-24 15:11:35.892247,UDP,172.20.6.14,149.248.20.104,3074,44998,237
2025-04-24 15:11:35.899560,UDP,149.248.20.104,172.20.6.14,44998,3074,459
2025-04-24 15:11:35.910822,UDP,172.20.6.14,149.248.20.104,3074,44998,235
2025-04-24 15:11:35.915610,UDP,149.248.20.104,172.20.6.14,44998,3074,556
2025-04-24 15:11:35.923312,UDP,172.20.6.14,149.248.20.104,3074,44998,241
2025-04-24 15:11:35.931710,UDP,149.248.20.104,172.20.6.14,44998,3074,511
2025-04-24 15:11:35.941961,UDP,172.20.6.14,149.248.20.104,3074,44998,239
2025-04-24 15:11:35.948835,UDP,149.248.20.104,172.20.6.14,44998,3074,557
2025-04-24 15:11:35.954431,UDP,172.20.6.14,149.248.20.104,3074,44998,235
2025-04-24 15:11:35.963947,UDP,149.248.20.104,172.20.6.14,44998,3074,516
2025-04-24 15:11:35.972936,UDP,172.20.6.14,149.248.20.104,3074,44998,231
2025-04-24 15:11:35.979862,UDP,149.248.20.104,172.20.6.14,44998,3074,557
2025-04-24 15:11:35.981423,UDP,172.20.6.14,149.28.216.39,3074,32571,74
2025-04-24 15:11:35.991508,UDP,172.20.6.14,149.248.20.104,3074,44998,228
2025-04-24 15:11:35.991914,UDP,149.28.216.39,172.20.6.14,32571,3074,74
2025-04-24 15:11:35.998701,UDP,149.248.20.104,172.20.6.14,44998,3074,540
2025-04-24 15:11:36.003832,UDP,172.20.6.14,149.248.20.104,3074,44998,236
2025-04-24 15:11:36.012177,UDP,149.248.20.104,172.20.6.14,44998,3074,592
2025-04-24 15:11:36.022306,UDP,172.20.6.14,149.248.20.104,3074,44998,237
2025-04-24 15:11:36.028030,UDP,149.248.20.104,172.20.6.14,44998,3074,539
2025-04-24 15:11:36.034631,UDP,172.20.6.14,149.248.20.104,3074,44998,236
2025-04-24 15:11:36.044586,UDP,149.248.20.104,172.20.6.14,44998,3074,562
2025-04-24 15:11:36.053140,UDP,172.20.6.14,149.248.20.104,3074,44998,237
2025-04-24 15:11:36.059769,UDP,149.248.20.104,172.20.6.14,44998,3074,520
2025-04-24 15:11:36.071728,UDP,172.20.6.14,149.248.20.104,3074,44998,230
2025-04-24 15:11:36.076686,UDP,149.248.20.104,172.20.6.14,44998,3074,566
2025-04-24 15:11:36.083951,UDP,172.20.6.14,149.248.20.104,3074,44998,227
2025-04-24 15:11:36.091625,UDP,149.248.20.104,172.20.6.14,44998,3074,480
2025-04-24 15:11:36.102755,UDP,172.20.6.14,149.248.20.104,3074,44998,231
2025-04-24 15:11:36.109378,UDP,149.248.20.104,172.20.6.14,44998,3074,556
2025-04-24 15:11:36.114627,UDP,172.20.6.14,149.248.20.104,3074,44998,279
2025-04-24 15:11:36.124284,UDP,149.248.20.104,172.20.6.14,44998,3074,508
2025-04-24 15:11:36.133491,UDP,172.20.6.14,149.248.20.104,3074,44998,232
2025-04-24 15:11:36.139459,UDP,149.248.20.104,172.20.6.14,44998,3074,593
2025-04-24 15:11:36.151909,UDP,172.20.6.14,149.248.20.104,3074,44998,225
2025-04-24 15:11:36.156576,UDP,149.248.20.104,172.20.6.14,44998,3074,505
2025-04-24 15:11:36.164133,UDP,172.20.6.14,149.248.20.104,3074,44998,228
2025-04-24 15:11:36.172607,UDP,149.248.20.104,172.20.6.14,44998,3074,547
2025-04-24 15:11:36.182622,UDP,172.20.6.14,149.248.20.104,3074,44998,233
2025-04-24 15:11:36.188703,UDP,149.248.20.104,172.20.6.14,44998,3074,518
2025-04-24 15:11:36.188761,UDP,172.20.6.14,149.248.20.104,3074,44998,240
2025-04-24 15:11:36.194895,UDP,172.20.6.14,149.248.20.104,3074,44998,250
2025-04-24 15:11:36.201014,UDP,172.20.6.14,149.248.20.104,3074,44998,206
2025-04-24 15:11:36.203675,UDP,149.248.20.104,172.20.6.14,44998,3074,577
2025-04-24 15:11:36.207116,UDP,172.20.6.14,149.248.20.104,3074,44998,206
2025-04-24 15:11:36.213448,UDP,172.20.6.14,149.248.20.104,3074,44998,207
2025-04-24 15:11:36.219635,UDP,172.20.6.14,149.248.20.104,3074,44998,205
2025-04-24 15:11:36.223999,UDP,149.248.20.104,172.20.6.14,44998,3074,751
2025-04-24 15:11:36.225582,UDP,172.20.6.14,149.248.20.104,3074,44998,205
2025-04-24 15:11:36.231998,UDP,172.20.6.14,149.248.20.104,3074,44998,191
2025-04-24 15:11:36.235810,UDP,149.248.20.104,172.20.6.14,44998,3074,814
2025-04-24 15:11:36.244297,UDP,172.20.6.14,149.248.20.104,3074,44998,227
2025-04-24 15:11:36.251763,UDP,149.248.20.104,172.20.6.14,44998,3074,486
2025-04-24 15:11:36.262851,UDP,172.20.6.14,149.248.20.104,3074,44998,223
2025-04-24 15:11:36.267809,UDP,149.248.20.104,172.20.6.14,44998,3074,578
2025-04-24 15:11:36.269122,UDP,172.20.6.14,149.248.20.104,3074,44998,231
2025-04-24 15:11:36.275094,UDP,172.20.6.14,149.248.20.104,3074,44998,244
2025-04-24 15:11:36.281243,UDP,172.20.6.14,149.248.20.104,3074,44998,202
2025-04-24 15:11:36.284990,UDP,149.248.20.104,172.20.6.14,44998,3074,580
2025-04-24 15:11:36.287363,UDP,172.20.6.14,149.248.20.104,3074,44998,202
2025-04-24 15:11:36.293668,UDP,172.20.6.14,149.248.20.104,3074,44998,204
2025-04-24 15:11:36.299718,UDP,172.20.6.14,149.248.20.104,3074,44998,202
2025-04-24 15:11:36.300970,UDP,149.248.20.104,172.20.6.14,44998,3074,604
2025-04-24 15:11:36.312209,UDP,172.20.6.14,149.248.20.104,3074,44998,224
2025-04-24 15:11:36.316312,UDP,149.248.20.104,172.20.6.14,44998,3074,620
2025-04-24 15:11:36.324562,UDP,172.20.6.14,149.248.20.104,3074,44998,231
2025-04-24 15:11:36.331062,UDP,172.20.6.14,185.34.107.128,3074,3074,71
2025-04-24 15:11:36.332411,UDP,149.248.20.104,172.20.6.14,44998,3074,704
2025-04-24 15:11:36.343060,UDP,172.20.6.14,149.248.20.104,3074,44998,235
2025-04-24 15:11:36.347721,UDP,149.248.20.104,172.20.6.14,44998,3074,577
2025-04-24 15:11:36.355355,UDP,172.20.6.14,149.248.20.104,3074,44998,232
2025-04-24 15:11:36.363779,UDP,149.248.20.104,172.20.6.14,44998,3074,627
2025-04-24 15:11:36.373873,UDP,172.20.6.14,149.248.20.104,3074,44998,234
2025-04-24 15:11:36.379764,UDP,149.248.20.104,172.20.6.14,44998,3074,632
2025-04-24 15:11:36.380248,UDP,172.20.6.14,149.248.20.104,3074,44998,240
2025-04-24 15:11:36.386390,UDP,172.20.6.14,149.248.20.104,3074,44998,241
2025-04-24 15:11:36.392511,UDP,172.20.6.14,149.248.20.104,3074,44998,203
2025-04-24 15:11:36.396885,UDP,149.248.20.104,172.20.6.14,44998,3074,668
2025-04-24 15:11:36.398395,UDP,172.20.6.14,149.248.20.104,3074,44998,203
2025-04-24 15:11:36.404806,UDP,172.20.6.14,149.248.20.104,3074,44998,200
2025-04-24 15:11:36.410888,UDP,172.20.6.14,149.248.20.104,3074,44998,198
2025-04-24 15:11:36.412081,UDP,149.248.20.104,172.20.6.14,44998,3074,582
2025-04-24 15:11:36.423539,UDP,172.20.6.14,149.248.20.104,3074,44998,223
2025-04-24 15:11:36.427900,UDP,149.248.20.104,172.20.6.14,44998,3074,638
2025-04-24 15:11:36.435916,UDP,172.20.6.14,149.248.20.104,3074,44998,226
2025-04-24 15:11:36.443984,UDP,149.248.20.104,172.20.6.14,44998,3074,635
2025-04-24 15:11:36.454643,UDP,172.20.6.14,149.248.20.104,3074,44998,224
2025-04-24 15:11:36.460255,UDP,149.248.20.104,172.20.6.14,44998,3074,682
2025-04-24 15:11:36.466800,UDP,172.20.6.14,149.248.20.104,3074,44998,238
2025-04-24 15:11:36.472942,UDP,172.20.6.14,149.248.20.104,3074,44998,236
2025-04-24 15:11:36.476312,UDP,149.248.20.104,172.20.6.14,44998,3074,680
2025-04-24 15:11:36.478980,UDP,172.20.6.14,149.248.20.104,3074,44998,199
2025-04-24 15:11:36.485279,UDP,172.20.6.14,149.248.20.104,3074,44998,204
2025-04-24 15:11:36.491381,UDP,172.20.6.14,149.248.20.104,3074,44998,202
2025-04-24 15:11:36.492901,UDP,149.248.20.104,172.20.6.14,44998,3074,730
2025-04-24 15:11:36.503822,UDP,172.20.6.14,149.248.20.104,3074,44998,223
2025-04-24 15:11:36.508235,UDP,149.248.20.104,172.20.6.14,44998,3074,552
2025-04-24 15:11:36.516341,UDP,172.20.6.14,149.248.20.104,3074,44998,228
2025-04-24 15:11:36.523957,UDP,149.248.20.104,172.20.6.14,44998,3074,630
2025-04-24 15:11:36.534833,UDP,172.20.6.14,149.248.20.104,3074,44998,227
2025-04-24 15:11:36.540025,UDP,149.248.20.104,172.20.6.14,44998,3074,616
2025-04-24 15:11:36.546860,UDP,172.20.6.14,149.248.20.104,3074,44998,227
2025-04-24 15:11:36.556272,UDP,149.248.20.104,172.20.6.14,44998,3074,626
2025-04-24 15:11:36.565438,UDP,172.20.6.14,149.248.20.104,3074,44998,231
2025-04-24 15:11:36.572123,UDP,149.248.20.104,172.20.6.14,44998,3074,609
2025-04-24 15:11:36.584002,UDP,172.20.6.14,149.248.20.104,3074,44998,228
2025-04-24 15:11:36.587632,UDP,149.248.20.104,172.20.6.14,44998,3074,645
2025-04-24 15:11:36.596316,UDP,172.20.6.14,149.248.20.104,3074,44998,227
2025-04-24 15:11:36.604850,UDP,149.248.20.104,172.20.6.14,44998,3074,584
2025-04-24 15:11:36.614827,UDP,172.20.6.14,149.248.20.104,3074,44998,227
2025-04-24 15:11:36.621245,UDP,149.248.20.104,172.20.6.14,44998,3074,626
2025-04-24 15:11:36.627338,UDP,172.20.6.14,149.248.20.104,3074,44998,227
2025-04-24 15:11:36.637232,UDP,149.248.20.104,172.20.6.14,44998,3074,585
2025-04-24 15:11:36.645669,UDP,172.20.6.14,149.248.20.104,3074,44998,227
2025-04-24 15:11:36.652151,UDP,149.248.20.104,172.20.6.14,44998,3074,654
2025-04-24 15:11:36.664257,UDP,172.20.6.14,149.248.20.104,3074,44998,228
2025-04-24 15:11:36.668265,UDP,149.248.20.104,172.20.6.14,44998,3074,588
2025-04-24 15:11:36.676812,UDP,172.20.6.14,149.248.20.104,3074,44998,248
2025-04-24 15:11:36.682629,UDP,172.20.6.14,149.248.20.104,3074,44998,246
2025-04-24 15:11:36.684909,UDP,149.248.20.104,172.20.6.14,44998,3074,634
2025-04-24 15:11:36.688753,UDP,172.20.6.14,149.248.20.104,3074,44998,198
2025-04-24 15:11:36.695070,UDP,172.20.6.14,149.248.20.104,3074,44998,200
2025-04-24 15:11:36.700256,UDP,149.248.20.104,172.20.6.14,44998,3074,585
2025-04-24 15:11:36.701420,UDP,172.20.6.14,149.248.20.104,3074,44998,198
2025-04-24 15:11:36.707369,UDP,172.20.6.14,149.248.20.104,3074,44998,233
2025-04-24 15:11:36.715261,UDP,149.248.20.104,172.20.6.14,44998,3074,650
2025-04-24 15:11:36.725923,UDP,172.20.6.14,149.248.20.104,3074,44998,233
2025-04-24 15:11:36.733451,UDP,149.248.20.104,172.20.6.14,44998,3074,603
2025-04-24 15:11:36.738420,UDP,172.20.6.14,149.248.20.104,3074,44998,249
2025-04-24 15:11:36.744351,UDP,172.20.6.14,149.248.20.104,3074,44998,247
2025-04-24 15:11:36.747399,UDP,149.248.20.104,172.20.6.14,44998,3074,627
2025-04-24 15:11:36.750640,UDP,172.20.6.14,149.248.20.104,3074,44998,198
2025-04-24 15:11:36.756804,UDP,172.20.6.14,149.248.20.104,3074,44998,205
2025-04-24 15:11:36.762810,UDP,172.20.6.14,149.248.20.104,3074,44998,203
2025-04-24 15:11:36.764599,UDP,149.248.20.104,172.20.6.14,44998,3074,580
2025-04-24 15:11:36.769002,UDP,172.20.6.14,149.248.20.104,3074,44998,203
2025-04-24 15:11:36.775332,UDP,172.20.6.14,149.248.20.104,3074,44998,191
2025-04-24 15:11:36.779604,UDP,149.248.20.104,172.20.6.14,44998,3074,602
2025-04-24 15:11:36.787793,UDP,172.20.6.14,149.248.20.104,3074,44998,238
2025-04-24 15:11:36.795741,UDP,149.248.20.104,172.20.6.14,44998,3074,580
2025-04-24 15:11:36.806193,UDP,172.20.6.14,149.248.20.104,3074,44998,231
2025-04-24 15:11:36.812844,UDP,149.248.20.104,172.20.6.14,44998,3074,619
2025-04-24 15:11:36.818456,UDP,172.20.6.14,149.248.20.104,3074,44998,231
2025-04-24 15:11:36.827818,UDP,149.248.20.104,172.20.6.14,44998,3074,628
2025-04-24 15:11:36.837044,UDP,172.20.6.14,149.248.20.104,3074,44998,235
2025-04-24 15:11:36.843810,UDP,149.248.20.104,172.20.6.14,44998,3074,671
2025-04-24 15:11:36.855560,UDP,172.20.6.14,149.248.20.104,3074,44998,232
2025-04-24 15:11:36.861131,UDP,149.248.20.104,172.20.6.14,44998,3074,540
2025-04-24 15:11:36.867916,UDP,172.20.6.14,149.248.20.104,3074,44998,230
2025-04-24 15:11:36.875968,UDP,149.248.20.104,172.20.6.14,44998,3074,695
2025-04-24 15:11:36.886493,UDP,172.20.6.14,149.248.20.104,3074,44998,230
2025-04-24 15:11:36.891998,UDP,149.248.20.104,172.20.6.14,44998,3074,644
2025-04-24 15:11:36.898682,UDP,172.20.6.14,149.248.20.104,3074,44998,235
2025-04-24 15:11:36.907848,UDP,149.248.20.104,172.20.6.14,44998,3074,713
2025-04-24 15:11:36.917634,UDP,172.20.6.14,149.248.20.104,3074,44998,231
2025-04-24 15:11:36.923824,UDP,149.248.20.104,172.20.6.14,44998,3074,563
2025-04-24 15:11:36.936485,UDP,172.20.6.14,149.248.20.104,3074,44998,228
2025-04-24 15:11:36.940147,UDP,149.248.20.104,172.20.6.14,44998,3074,615
2025-04-24 15:11:36.948469,UDP,172.20.6.14,149.248.20.104,3074,44998,231
2025-04-24 15:11:36.956221,UDP,149.248.20.104,172.20.6.14,44998,3074,559
2025-04-24 15:11:36.967121,UDP,172.20.6.14,149.248.20.104,3074,44998,227
2025-04-24 15:11:36.972354,UDP,149.248.20.104,172.20.6.14,44998,3074,635
2025-04-24 15:11:36.979305,UDP,172.20.6.14,149.248.20.104,3074,44998,227
2025-04-24 15:11:36.987320,UDP,149.248.20.104,172.20.6.14,44998,3074,450
2025-04-24 15:11:36.997817,UDP,172.20.6.14,149.248.20.104,3074,44998,233
2025-04-24 15:11:37.004757,UDP,149.248.20.104,172.20.6.14,44998,3074,621
2025-04-24 15:11:37.010193,UDP,172.20.6.14,149.248.20.104,3074,44998,233
2025-04-24 15:11:37.020229,UDP,149.248.20.104,172.20.6.14,44998,3074,554
2025-04-24 15:11:37.028650,UDP,172.20.6.14,149.248.20.104,3074,44998,231
2025-04-24 15:11:37.035730,UDP,149.248.20.104,172.20.6.14,44998,3074,605
2025-04-24 15:11:37.047354,UDP,172.20.6.14,149.248.20.104,3074,44998,232
2025-04-24 15:11:37.052046,UDP,149.248.20.104,172.20.6.14,44998,3074,585
2025-04-24 15:11:37.059940,UDP,172.20.6.14,149.248.20.104,3074,44998,233
2025-04-24 15:11:37.067339,UDP,149.248.20.104,172.20.6.14,44998,3074,614
2025-04-24 15:11:37.078263,UDP,172.20.6.14,149.248.20.104,3074,44998,233
2025-04-24 15:11:37.084412,UDP,149.248.20.104,172.20.6.14,44998,3074,596
2025-04-24 15:11:37.090454,UDP,172.20.6.14,149.248.20.104,3074,44998,235
2025-04-24 15:11:37.100524,UDP,149.248.20.104,172.20.6.14,44998,3074,626
2025-04-24 15:11:37.108952,UDP,172.20.6.14,149.248.20.104,3074,44998,235
2025-04-24 15:11:37.116558,UDP,149.248.20.104,172.20.6.14,44998,3074,554
2025-04-24 15:11:37.127460,UDP,172.20.6.14,149.248.20.104,3074,44998,228
2025-04-24 15:11:37.131608,UDP,149.248.20.104,172.20.6.14,44998,3074,615
2025-04-24 15:11:37.140192,UDP,172.20.6.14,149.248.20.104,3074,44998,231
2025-04-24 15:11:37.147806,UDP,149.248.20.104,172.20.6.14,44998,3074,524
2025-04-24 15:11:37.158400,UDP,172.20.6.14,149.248.20.104,3074,44998,237
2025-04-24 15:11:37.163733,UDP,149.248.20.104,172.20.6.14,44998,3074,625
2025-04-24 15:11:37.170754,UDP,172.20.6.14,149.248.20.104,3074,44998,239
2025-04-24 15:11:37.179799,UDP,149.248.20.104,172.20.6.14,44998,3074,626
2025-04-24 15:11:37.189578,UDP,172.20.6.14,149.248.20.104,3074,44998,238
2025-04-24 15:11:37.198284,UDP,149.248.20.104,172.20.6.14,44998,3074,667
2025-04-24 15:11:37.208060,UDP,172.20.6.14,149.248.20.104,3074,44998,229
2025-04-24 15:11:37.211965,UDP,149.248.20.104,172.20.6.14,44998,3074,595
2025-04-24 15:11:37.220564,UDP,172.20.6.14,149.248.20.104,3074,44998,228
2025-04-24 15:11:37.228125,UDP,149.248.20.104,172.20.6.14,44998,3074,616
2025-04-24 15:11:37.238915,UDP,172.20.6.14,149.248.20.104,3074,44998,230
2025-04-24 15:11:37.243446,UDP,149.248.20.104,172.20.6.14,44998,3074,579
2025-04-24 15:11:37.251385,UDP,172.20.6.14,149.248.20.104,3074,44998,234
2025-04-24 15:11:37.259555,UDP,149.248.20.104,172.20.6.14,44998,3074,588
2025-04-24 15:11:37.269886,UDP,172.20.6.14,149.248.20.104,3074,44998,233
2025-04-24 15:11:37.275578,UDP,149.248.20.104,172.20.6.14,44998,3074,511
2025-04-24 15:11:37.288457,UDP,172.20.6.14,149.248.20.104,3074,44998,238
2025-04-24 15:11:37.291655,UDP,149.248.20.104,172.20.6.14,44998,3074,578
2025-04-24 15:11:37.294347,UDP,172.20.6.14,149.248.20.104,3074,44998,236
2025-04-24 15:11:37.300962,UDP,172.20.6.14,149.248.20.104,3074,44998,239
2025-04-24 15:11:37.306685,UDP,172.20.6.14,149.248.20.104,3074,44998,200
2025-04-24 15:11:37.310066,UDP,149.248.20.104,172.20.6.14,44998,3074,504
2025-04-24 15:11:37.312967,UDP,172.20.6.14,149.248.20.104,3074,44998,200
2025-04-24 15:11:37.319152,UDP,172.20.6.14,149.248.20.104,3074,44998,187
2025-04-24 15:11:37.323707,UDP,149.248.20.104,172.20.6.14,44998,3074,608
2025-04-24 15:11:37.331612,UDP,172.20.6.14,149.248.20.104,3074,44998,220
2025-04-24 15:11:37.340813,UDP,149.248.20.104,172.20.6.14,44998,3074,555
2025-04-24 15:11:37.350045,UDP,172.20.6.14,149.248.20.104,3074,44998,217
2025-04-24 15:11:37.355782,UDP,149.248.20.104,172.20.6.14,44998,3074,578
2025-04-24 15:11:37.362619,UDP,172.20.6.14,149.248.20.104,3074,44998,231
2025-04-24 15:11:37.368494,UDP,172.20.6.14,149.248.20.104,3074,44998,229
2025-04-24 15:11:37.371834,UDP,149.248.20.104,172.20.6.14,44998,3074,544
2025-04-24 15:11:37.374712,UDP,172.20.6.14,149.248.20.104,3074,44998,193
2025-04-24 15:11:37.381060,UDP,172.20.6.14,149.248.20.104,3074,44998,195
2025-04-24 15:11:37.387052,UDP,172.20.6.14,149.248.20.104,3074,44998,193
2025-04-24 15:11:37.387874,UDP,149.248.20.104,172.20.6.14,44998,3074,581
2025-04-24 15:11:37.399384,UDP,172.20.6.14,149.248.20.104,3074,44998,213
2025-04-24 15:11:37.403906,UDP,149.248.20.104,172.20.6.14,44998,3074,533
2025-04-24 15:11:37.411861,UDP,172.20.6.14,149.248.20.104,3074,44998,216
2025-04-24 15:11:37.419966,UDP,149.248.20.104,172.20.6.14,44998,3074,585
2025-04-24 15:11:37.430355,UDP,172.20.6.14,149.248.20.104,3074,44998,227
2025-04-24 15:11:37.435973,UDP,149.248.20.104,172.20.6.14,44998,3074,519
2025-04-24 15:11:37.442593,UDP,172.20.6.14,149.248.20.104,3074,44998,232
2025-04-24 15:11:37.450982,UDP,149.248.20.104,172.20.6.14,44998,3074,591
2025-04-24 15:11:37.461208,UDP,172.20.6.14,149.248.20.104,3074,44998,232
2025-04-24 15:11:37.467493,UDP,149.248.20.104,172.20.6.14,44998,3074,573
2025-04-24 15:11:37.479792,UDP,172.20.6.14,149.248.20.104,3074,44998,233
2025-04-24 15:11:37.483805,UDP,149.248.20.104,172.20.6.14,44998,3074,583
2025-04-24 15:11:37.492172,UDP,172.20.6.14,149.248.20.104,3074,44998,235
2025-04-24 15:11:37.500101,UDP,149.248.20.104,172.20.6.14,44998,3074,562
2025-04-24 15:11:37.504390,UDP,172.20.6.14,149.248.20.104,3074,44998,243
2025-04-24 15:11:37.510749,UDP,172.20.6.14,149.248.20.104,3074,44998,258
2025-04-24 15:11:37.516095,UDP,149.248.20.104,172.20.6.14,44998,3074,586
2025-04-24 15:11:37.516562,UDP,172.20.6.14,149.248.20.104,3074,44998,206
2025-04-24 15:11:37.522815,UDP,172.20.6.14,149.248.20.104,3074,44998,254
2025-04-24 15:11:37.528856,UDP,172.20.6.14,149.248.20.104,3074,44998,206
2025-04-24 15:11:37.532421,UDP,149.248.20.104,172.20.6.14,44998,3074,569
2025-04-24 15:11:37.535066,UDP,172.20.6.14,149.248.20.104,3074,44998,212
2025-04-24 15:11:37.541448,UDP,172.20.6.14,149.248.20.104,3074,44998,199
2025-04-24 15:11:37.548481,UDP,149.248.20.104,172.20.6.14,44998,3074,694
2025-04-24 15:11:37.559890,UDP,172.20.6.14,149.248.20.104,3074,44998,247
2025-04-24 15:11:37.564491,UDP,149.248.20.104,172.20.6.14,44998,3074,539
2025-04-24 15:11:37.572318,UDP,172.20.6.14,149.248.20.104,3074,44998,238
2025-04-24 15:11:37.580533,UDP,149.248.20.104,172.20.6.14,44998,3074,616
2025-04-24 15:11:37.590817,UDP,172.20.6.14,149.248.20.104,3074,44998,232
2025-04-24 15:11:37.596583,UDP,149.248.20.104,172.20.6.14,44998,3074,629
2025-04-24 15:11:37.603067,UDP,172.20.6.14,149.248.20.104,3074,44998,235
2025-04-24 15:11:37.609286,UDP,172.20.6.14,149.248.20.104,3074,44998,243
2025-04-24 15:11:37.612216,UDP,149.248.20.104,172.20.6.14,44998,3074,713
2025-04-24 15:11:37.615466,UDP,172.20.6.14,149.248.20.104,3074,44998,207
2025-04-24 15:11:37.622074,UDP,172.20.6.14,149.248.20.104,3074,44998,221
2025-04-24 15:11:37.627840,UDP,172.20.6.14,149.248.20.104,3074,44998,219
2025-04-24 15:11:37.628333,UDP,149.248.20.104,172.20.6.14,44998,3074,528
2025-04-24 15:11:37.633996,UDP,172.20.6.14,149.248.20.104,3074,44998,209
2025-04-24 15:11:37.640395,UDP,172.20.6.14,149.248.20.104,3074,44998,211
2025-04-24 15:11:37.644956,UDP,149.248.20.104,172.20.6.14,44998,3074,581
2025-04-24 15:11:37.646374,UDP,172.20.6.14,149.248.20.104,3074,44998,211
2025-04-24 15:11:37.659472,UDP,149.248.20.104,172.20.6.14,44998,3074,542
2025-04-24 15:11:37.659965,UDP,172.20.6.14,149.248.20.104,3074,44998,249
2025-04-24 15:11:37.672141,UDP,172.20.6.14,149.248.20.104,3074,44998,248
2025-04-24 15:11:37.676573,UDP,149.248.20.104,172.20.6.14,44998,3074,704
2025-04-24 15:11:37.684541,UDP,172.20.6.14,149.248.20.104,3074,44998,301
2025-04-24 15:11:37.692693,UDP,149.248.20.104,172.20.6.14,44998,3074,683
2025-04-24 15:11:37.703038,UDP,172.20.6.14,149.248.20.104,3074,44998,244
2025-04-24 15:11:37.708421,UDP,149.248.20.104,172.20.6.14,44998,3074,671
2025-04-24 15:11:37.715851,UDP,172.20.6.14,149.248.20.104,3074,44998,248
2025-04-24 15:11:37.724182,UDP,149.248.20.104,172.20.6.14,44998,3074,563
2025-04-24 15:11:37.734075,UDP,172.20.6.14,149.248.20.104,3074,44998,252
2025-04-24 15:11:37.740373,UDP,172.20.6.14,149.248.20.104,3074,44998,260
2025-04-24 15:11:37.746524,UDP,172.20.6.14,149.248.20.104,3074,44998,258
2025-04-24 15:11:37.747149,UDP,149.248.20.104,172.20.6.14,44998,3074,553
2025-04-24 15:11:37.752710,UDP,172.20.6.14,149.248.20.104,3074,44998,212
2025-04-24 15:11:37.758766,UDP,172.20.6.14,149.248.20.104,3074,44998,210
2025-04-24 15:11:37.764896,UDP,172.20.6.14,149.248.20.104,3074,44998,207
2025-04-24 15:11:37.765454,UDP,149.248.20.104,172.20.6.14,44998,3074,413
2025-04-24 15:11:37.770996,UDP,172.20.6.14,149.248.20.104,3074,44998,207
2025-04-24 15:11:37.771408,UDP,149.248.20.104,172.20.6.14,44998,3074,651
2025-04-24 15:11:37.777130,UDP,172.20.6.14,149.248.20.104,3074,44998,209
2025-04-24 15:11:37.783380,UDP,172.20.6.14,149.248.20.104,3074,44998,195
2025-04-24 15:11:37.787854,UDP,149.248.20.104,172.20.6.14,44998,3074,513
2025-04-24 15:11:37.791401,UDP,172.20.6.14,149.248.20.104,3074,44998,159
2025-04-24 15:11:37.795701,UDP,172.20.6.14,149.248.20.104,3074,44998,249
2025-04-24 15:11:37.803946,UDP,149.248.20.104,172.20.6.14,44998,3074,576
2025-04-24 15:11:37.814312,UDP,172.20.6.14,149.248.20.104,3074,44998,246
2025-04-24 15:11:37.819982,UDP,149.248.20.104,172.20.6.14,44998,3074,573
2025-04-24 15:11:37.826564,UDP,172.20.6.14,149.248.20.104,3074,44998,248
2025-04-24 15:11:37.833042,UDP,172.20.6.14,149.248.20.104,3074,44998,255
2025-04-24 15:11:37.836333,UDP,149.248.20.104,172.20.6.14,44998,3074,644
2025-04-24 15:11:37.839107,UDP,172.20.6.14,149.248.20.104,3074,44998,206
2025-04-24 15:11:37.845282,UDP,172.20.6.14,149.248.20.104,3074,44998,211
2025-04-24 15:11:37.851356,UDP,172.20.6.14,149.248.20.104,3074,44998,209
2025-04-24 15:11:37.852892,UDP,149.248.20.104,172.20.6.14,44998,3074,581
2025-04-24 15:11:37.863694,UDP,172.20.6.14,149.248.20.104,3074,44998,260
2025-04-24 15:11:37.868406,UDP,149.248.20.104,172.20.6.14,44998,3074,606
2025-04-24 15:11:37.876067,UDP,172.20.6.14,149.248.20.104,3074,44998,246
2025-04-24 15:11:37.883657,UDP,149.248.20.104,172.20.6.14,44998,3074,539
2025-04-24 15:11:37.894687,UDP,172.20.6.14,149.248.20.104,3074,44998,235
2025-04-24 15:11:37.899570,UDP,149.248.20.104,172.20.6.14,44998,3074,629
2025-04-24 15:11:37.906993,UDP,172.20.6.14,149.248.20.104,3074,44998,285
2025-04-24 15:11:37.915946,UDP,149.248.20.104,172.20.6.14,44998,3074,553
2025-04-24 15:11:37.925413,UDP,172.20.6.14,149.248.20.104,3074,44998,243
2025-04-24 15:11:37.933250,UDP,149.248.20.104,172.20.6.14,44998,3074,670
2025-04-24 15:11:37.944036,UDP,172.20.6.14,149.248.20.104,3074,44998,244
2025-04-24 15:11:37.948063,UDP,149.248.20.104,172.20.6.14,44998,3074,522
2025-04-24 15:11:37.956487,UDP,172.20.6.14,149.248.20.104,3074,44998,263
2025-04-24 15:11:37.962297,UDP,172.20.6.14,149.248.20.104,3074,44998,261
2025-04-24 15:11:37.964102,UDP,149.248.20.104,172.20.6.14,44998,3074,594
2025-04-24 15:11:37.968443,UDP,172.20.6.14,149.248.20.104,3074,44998,210
2025-04-24 15:11:37.974901,UDP,172.20.6.14,149.248.20.104,3074,44998,208
2025-04-24 15:11:37.979082,UDP,149.248.20.104,172.20.6.14,44998,3074,514
2025-04-24 15:11:37.980849,UDP,172.20.6.14,149.248.20.104,3074,44998,208
2025-04-24 15:11:37.987129,UDP,172.20.6.14,149.248.20.104,3074,44998,238
2025-04-24 15:11:37.996229,UDP,149.248.20.104,172.20.6.14,44998,3074,605
2025-04-24 15:11:38.005664,UDP,172.20.6.14,149.248.20.104,3074,44998,245
2025-04-24 15:11:38.011213,UDP,149.248.20.104,172.20.6.14,44998,3074,447
2025-04-24 15:11:38.024283,UDP,172.20.6.14,149.248.20.104,3074,44998,241
2025-04-24 15:11:38.028340,UDP,149.248.20.104,172.20.6.14,44998,3074,588
2025-04-24 15:11:38.036543,UDP,172.20.6.14,149.248.20.104,3074,44998,235
2025-04-24 15:11:38.044417,UDP,149.248.20.104,172.20.6.14,44998,3074,613
2025-04-24 15:11:38.055145,UDP,172.20.6.14,149.248.20.104,3074,44998,230
2025-04-24 15:11:38.059416,UDP,149.248.20.104,172.20.6.14,44998,3074,652
2025-04-24 15:11:38.067654,UDP,172.20.6.14,149.248.20.104,3074,44998,243
2025-04-24 15:11:38.073549,UDP,172.20.6.14,149.248.20.104,3074,44998,241
2025-04-24 15:11:38.076529,UDP,149.248.20.104,172.20.6.14,44998,3074,483
2025-04-24 15:11:38.079675,UDP,172.20.6.14,149.248.20.104,3074,44998,203
2025-04-24 15:11:38.086011,UDP,172.20.6.14,149.248.20.104,3074,44998,207
2025-04-24 15:11:38.091751,UDP,149.248.20.104,172.20.6.14,44998,3074,577
2025-04-24 15:11:38.092057,UDP,172.20.6.14,149.248.20.104,3074,44998,205
2025-04-24 15:11:38.098284,UDP,172.20.6.14,149.248.20.104,3074,44998,228
2025-04-24 15:11:38.109884,UDP,149.248.20.104,172.20.6.14,44998,3074,630
2025-04-24 15:11:38.116719,UDP,172.20.6.14,149.248.20.104,3074,44998,224
2025-04-24 15:11:38.124476,UDP,149.248.20.104,172.20.6.14,44998,3074,685
2025-04-24 15:11:38.135382,UDP,172.20.6.14,149.248.20.104,3074,44998,225
2025-04-24 15:11:38.139667,UDP,149.248.20.104,172.20.6.14,44998,3074,558
2025-04-24 15:11:38.147626,UDP,172.20.6.14,149.248.20.104,3074,44998,227
2025-04-24 15:11:38.155705,UDP,149.248.20.104,172.20.6.14,44998,3074,586
2025-04-24 15:11:38.166073,UDP,172.20.6.14,149.248.20.104,3074,44998,229
2025-04-24 15:11:38.171694,UDP,149.248.20.104,172.20.6.14,44998,3074,594
2025-04-24 15:11:38.178539,UDP,172.20.6.14,149.248.20.104,3074,44998,245
2025-04-24 15:11:38.184640,UDP,172.20.6.14,149.248.20.104,3074,44998,243
2025-04-24 15:11:38.187861,UDP,149.248.20.104,172.20.6.14,44998,3074,704
2025-04-24 15:11:38.190953,UDP,172.20.6.14,149.248.20.104,3074,44998,204
2025-04-24 15:11:38.197478,UDP,172.20.6.14,149.248.20.104,3074,44998,201
2025-04-24 15:11:38.203335,UDP,172.20.6.14,149.248.20.104,3074,44998,199
2025-04-24 15:11:38.203924,UDP,149.248.20.104,172.20.6.14,44998,3074,497
2025-04-24 15:11:38.215845,UDP,172.20.6.14,149.248.20.104,3074,44998,223
2025-04-24 15:11:38.218987,UDP,149.248.20.104,172.20.6.14,44998,3074,588
2025-04-24 15:11:38.228468,UDP,172.20.6.14,149.248.20.104,3074,44998,227
2025-04-24 15:11:38.235256,UDP,149.248.20.104,172.20.6.14,44998,3074,553
2025-04-24 15:11:38.246727,UDP,172.20.6.14,149.248.20.104,3074,44998,232
2025-04-24 15:11:38.252695,UDP,149.248.20.104,172.20.6.14,44998,3074,935
2025-04-24 15:11:38.253081,UDP,172.20.6.14,149.248.20.104,3074,44998,239
2025-04-24 15:11:38.258965,UDP,172.20.6.14,149.248.20.104,3074,44998,250
2025-04-24 15:11:38.265048,UDP,172.20.6.14,149.248.20.104,3074,44998,204
2025-04-24 15:11:38.267864,UDP,149.248.20.104,172.20.6.14,44998,3074,821
2025-04-24 15:11:38.271322,UDP,172.20.6.14,149.248.20.104,3074,44998,204
2025-04-24 15:11:38.277479,UDP,172.20.6.14,149.248.20.104,3074,44998,206
2025-04-24 15:11:38.285348,UDP,149.248.20.104,172.20.6.14,44998,3074,862
2025-04-24 15:11:38.292610,UDP,172.20.6.14,149.248.20.104,3074,44998,228
2025-04-24 15:11:38.294291,UDP,172.20.6.14,149.248.20.104,3074,44998,159
2025-04-24 15:11:38.300370,UDP,149.248.20.104,172.20.6.14,44998,3074,595
2025-04-24 15:11:38.313074,UDP,172.20.6.14,149.248.20.104,3074,44998,229
2025-04-24 15:11:38.316365,UDP,149.248.20.104,172.20.6.14,44998,3074,620
2025-04-24 15:11:38.324185,UDP,172.20.6.14,149.248.20.104,3074,44998,223
2025-04-24 15:11:38.331907,UDP,149.248.20.104,172.20.6.14,44998,3074,608
2025-04-24 15:11:38.342706,UDP,172.20.6.14,149.248.20.104,3074,44998,223
2025-04-24 15:11:38.350062,UDP,149.248.20.104,172.20.6.14,44998,3074,811
2025-04-24 15:11:38.354925,UDP,172.20.6.14,149.248.20.104,3074,44998,262
2025-04-24 15:11:38.364163,UDP,149.248.20.104,172.20.6.14,44998,3074,649
2025-04-24 15:11:38.373709,UDP,172.20.6.14,149.248.20.104,3074,44998,221
2025-04-24 15:11:38.379344,UDP,149.248.20.104,172.20.6.14,44998,3074,854
2025-04-24 15:11:38.392056,UDP,172.20.6.14,149.248.20.104,3074,44998,228
2025-04-24 15:11:38.396871,UDP,149.248.20.104,172.20.6.14,44998,3074,516
2025-04-24 15:11:38.404397,UDP,172.20.6.14,149.248.20.104,3074,44998,233
2025-04-24 15:11:38.411700,UDP,149.248.20.104,172.20.6.14,44998,3074,572
2025-04-24 15:11:38.423163,UDP,172.20.6.14,149.248.20.104,3074,44998,230
2025-04-24 15:11:38.427768,UDP,149.248.20.104,172.20.6.14,44998,3074,488
2025-04-24 15:11:38.435192,UDP,172.20.6.14,149.248.20.104,3074,44998,227
2025-04-24 15:11:38.444828,UDP,149.248.20.104,172.20.6.14,44998,3074,559
2025-04-24 15:11:38.453914,UDP,172.20.6.14,149.248.20.104,3074,44998,244
2025-04-24 15:11:38.457463,UDP,172.20.6.14,104.238.140.143,3074,33070,74
2025-04-24 15:11:38.459849,UDP,149.248.20.104,172.20.6.14,44998,3074,558
2025-04-24 15:11:38.459939,UDP,172.20.6.14,149.248.20.104,3074,44998,251
2025-04-24 15:11:38.465926,UDP,172.20.6.14,149.248.20.104,3074,44998,211
2025-04-24 15:11:38.472624,UDP,172.20.6.14,149.248.20.104,3074,44998,217
2025-04-24 15:11:38.472993,UDP,104.238.140.143,172.20.6.14,33070,3074,74
2025-04-24 15:11:38.475955,UDP,149.248.20.104,172.20.6.14,44998,3074,582
2025-04-24 15:11:38.478194,UDP,172.20.6.14,149.248.20.104,3074,44998,217
2025-04-24 15:11:38.484651,UDP,172.20.6.14,149.248.20.104,3074,44998,251
2025-04-24 15:11:38.490710,UDP,172.20.6.14,149.248.20.104,3074,44998,207
2025-04-24 15:11:38.492557,UDP,149.248.20.104,172.20.6.14,44998,3074,650
2025-04-24 15:11:38.496948,UDP,172.20.6.14,149.248.20.104,3074,44998,207
2025-04-24 15:11:38.503234,UDP,172.20.6.14,149.248.20.104,3074,44998,194
2025-04-24 15:11:38.508634,UDP,149.248.20.104,172.20.6.14,44998,3074,1093
2025-04-24 15:11:38.515779,UDP,172.20.6.14,149.248.20.104,3074,44998,233
2025-04-24 15:11:38.523651,UDP,149.248.20.104,172.20.6.14,44998,3074,774
2025-04-24 15:11:38.533950,UDP,172.20.6.14,149.248.20.104,3074,44998,228
2025-04-24 15:11:38.540751,UDP,149.248.20.104,172.20.6.14,44998,3074,804
2025-04-24 15:11:38.544730,UDP,172.20.6.14,149.248.20.104,3074,44998,159
2025-04-24 15:11:38.553309,UDP,172.20.6.14,149.248.20.104,3074,44998,247
2025-04-24 15:11:38.556848,UDP,149.248.20.104,172.20.6.14,44998,3074,660
2025-04-24 15:11:38.559010,UDP,172.20.6.14,149.248.20.104,3074,44998,245
2025-04-24 15:11:38.565510,UDP,172.20.6.14,149.248.20.104,3074,44998,258
2025-04-24 15:11:38.571685,UDP,172.20.6.14,149.248.20.104,3074,44998,211
2025-04-24 15:11:38.572204,UDP,149.248.20.104,172.20.6.14,44998,3074,656
2025-04-24 15:11:38.583901,UDP,172.20.6.14,149.248.20.104,3074,44998,230
2025-04-24 15:11:38.588357,UDP,149.248.20.104,172.20.6.14,44998,3074,632
2025-04-24 15:11:38.596370,UDP,172.20.6.14,149.248.20.104,3074,44998,223
2025-04-24 15:11:38.603676,UDP,149.248.20.104,172.20.6.14,44998,3074,694
2025-04-24 15:11:38.614806,UDP,172.20.6.14,149.248.20.104,3074,44998,229
2025-04-24 15:11:38.620925,UDP,149.248.20.104,172.20.6.14,44998,3074,588
2025-04-24 15:11:38.627444,UDP,172.20.6.14,149.248.20.104,3074,44998,239
2025-04-24 15:11:38.633485,UDP,172.20.6.14,149.248.20.104,3074,44998,247
2025-04-24 15:11:38.635960,UDP,149.248.20.104,172.20.6.14,44998,3074,721
2025-04-24 15:11:38.639377,UDP,172.20.6.14,149.248.20.104,3074,44998,201
2025-04-24 15:11:38.645793,UDP,172.20.6.14,149.248.20.104,3074,44998,221
2025-04-24 15:11:38.651822,UDP,172.20.6.14,149.248.20.104,3074,44998,219
2025-04-24 15:11:38.652343,UDP,149.248.20.104,172.20.6.14,44998,3074,668
2025-04-24 15:11:38.664371,UDP,172.20.6.14,149.248.20.104,3074,44998,255
2025-04-24 15:11:38.668466,UDP,149.248.20.104,172.20.6.14,44998,3074,742
2025-04-24 15:11:38.676702,UDP,172.20.6.14,149.248.20.104,3074,44998,250
2025-04-24 15:11:38.684316,UDP,149.248.20.104,172.20.6.14,44998,3074,569
2025-04-24 15:11:38.695906,UDP,172.20.6.14,149.248.20.104,3074,44998,251
2025-04-24 15:11:38.700653,UDP,149.248.20.104,172.20.6.14,44998,3074,671
2025-04-24 15:11:38.707875,UDP,172.20.6.14,149.248.20.104,3074,44998,251
2025-04-24 15:11:38.715661,UDP,149.248.20.104,172.20.6.14,44998,3074,574
2025-04-24 15:11:38.726876,UDP,172.20.6.14,149.248.20.104,3074,44998,247
2025-04-24 15:11:38.732784,UDP,149.248.20.104,172.20.6.14,44998,3074,636
2025-04-24 15:11:38.739161,UDP,172.20.6.14,149.248.20.104,3074,44998,246
2025-04-24 15:11:38.745246,UDP,172.20.6.14,149.248.20.104,3074,44998,274
2025-04-24 15:11:38.748219,UDP,149.248.20.104,172.20.6.14,44998,3074,530
2025-04-24 15:11:38.751366,UDP,172.20.6.14,149.248.20.104,3074,44998,225
2025-04-24 15:11:38.757772,UDP,172.20.6.14,149.248.20.104,3074,44998,223
2025-04-24 15:11:38.763299,UDP,149.248.20.104,172.20.6.14,44998,3074,663
2025-04-24 15:11:38.763749,UDP,172.20.6.14,149.248.20.104,3074,44998,221
2025-04-24 15:11:38.776196,UDP,172.20.6.14,149.248.20.104,3074,44998,244
2025-04-24 15:11:38.779276,UDP,149.248.20.104,172.20.6.14,44998,3074,554
2025-04-24 15:11:38.788643,UDP,172.20.6.14,149.248.20.104,3074,44998,248
2025-04-24 15:11:38.796384,UDP,149.248.20.104,172.20.6.14,44998,3074,622
2025-04-24 15:11:38.807073,UDP,172.20.6.14,149.248.20.104,3074,44998,252
2025-04-24 15:11:38.811428,UDP,149.248.20.104,172.20.6.14,44998,3074,514
2025-04-24 15:11:38.819367,UDP,172.20.6.14,149.248.20.104,3074,44998,301
2025-04-24 15:11:38.827609,UDP,149.248.20.104,172.20.6.14,44998,3074,612
2025-04-24 15:11:38.837855,UDP,172.20.6.14,149.248.20.104,3074,44998,241
2025-04-24 15:11:38.844014,UDP,149.248.20.104,172.20.6.14,44998,3074,562
2025-04-24 15:11:38.856458,UDP,172.20.6.14,149.248.20.104,3074,44998,237
2025-04-24 15:11:38.860098,UDP,149.248.20.104,172.20.6.14,44998,3074,613
2025-04-24 15:11:38.869107,UDP,172.20.6.14,149.248.20.104,3074,44998,237
2025-04-24 15:11:38.877149,UDP,149.248.20.104,172.20.6.14,44998,3074,584
2025-04-24 15:11:38.881398,UDP,172.20.6.14,149.248.20.104,3074,44998,199
2025-04-24 15:11:38.887566,UDP,172.20.6.14,149.248.20.104,3074,44998,249
2025-04-24 15:11:38.892181,UDP,149.248.20.104,172.20.6.14,44998,3074,624
2025-04-24 15:11:38.893636,UDP,172.20.6.14,149.248.20.104,3074,44998,207
2025-04-24 15:11:38.899815,UDP,172.20.6.14,149.248.20.104,3074,44998,251
2025-04-24 15:11:38.905980,UDP,172.20.6.14,149.248.20.104,3074,44998,207
2025-04-24 15:11:38.908266,UDP,149.248.20.104,172.20.6.14,44998,3074,691
2025-04-24 15:11:38.912606,UDP,172.20.6.14,149.248.20.104,3074,44998,207
2025-04-24 15:11:38.918906,UDP,172.20.6.14,149.248.20.104,3074,44998,192
2025-04-24 15:11:38.925617,UDP,149.248.20.104,172.20.6.14,44998,3074,901
2025-04-24 15:11:38.931451,UDP,172.20.6.14,149.248.20.104,3074,44998,241
2025-04-24 15:11:38.940605,UDP,149.248.20.104,172.20.6.14,44998,3074,609
2025-04-24 15:11:38.950284,UDP,172.20.6.14,149.248.20.104,3074,44998,237
2025-04-24 15:11:38.955908,UDP,149.248.20.104,172.20.6.14,44998,3074,964
2025-04-24 15:11:38.962507,UDP,172.20.6.14,149.248.20.104,3074,44998,228
2025-04-24 15:11:38.972041,UDP,149.248.20.104,172.20.6.14,44998,3074,564
2025-04-24 15:11:38.980947,UDP,172.20.6.14,149.248.20.104,3074,44998,228
2025-04-24 15:11:38.989195,UDP,149.248.20.104,172.20.6.14,44998,3074,852
2025-04-24 15:11:38.999461,UDP,172.20.6.14,149.248.20.104,3074,44998,231
2025-04-24 15:11:39.004600,UDP,149.248.20.104,172.20.6.14,44998,3074,676
2025-04-24 15:11:39.011698,UDP,172.20.6.14,149.248.20.104,3074,44998,240
2025-04-24 15:11:39.020691,UDP,149.248.20.104,172.20.6.14,44998,3074,677
2025-04-24 15:11:39.030129,UDP,172.20.6.14,149.248.20.104,3074,44998,246
2025-04-24 15:11:39.036898,UDP,149.248.20.104,172.20.6.14,44998,3074,813
2025-04-24 15:11:39.042701,UDP,172.20.6.14,149.248.20.104,3074,44998,409
2025-04-24 15:11:39.052918,UDP,149.248.20.104,172.20.6.14,44998,3074,941
2025-04-24 15:11:39.061221,UDP,172.20.6.14,149.248.20.104,3074,44998,243
2025-04-24 15:11:39.069125,UDP,149.248.20.104,172.20.6.14,44998,3074,763
2025-04-24 15:11:39.079653,UDP,172.20.6.14,149.248.20.104,3074,44998,238
2025-04-24 15:11:39.083483,UDP,149.248.20.104,172.20.6.14,44998,3074,852
2025-04-24 15:11:39.092212,UDP,172.20.6.14,149.248.20.104,3074,44998,239
2025-04-24 15:11:39.099837,UDP,149.248.20.104,172.20.6.14,44998,3074,578
2025-04-24 15:11:39.110644,UDP,172.20.6.14,149.248.20.104,3074,44998,237
2025-04-24 15:11:39.118571,UDP,149.248.20.104,172.20.6.14,44998,3074,1053
2025-04-24 15:11:39.123475,UDP,172.20.6.14,149.248.20.104,3074,44998,237
2025-04-24 15:11:39.132459,UDP,149.248.20.104,172.20.6.14,44998,3074,815
2025-04-24 15:11:39.142761,UDP,172.20.6.14,149.248.20.104,3074,44998,239
2025-04-24 15:11:39.148094,UDP,149.248.20.104,172.20.6.14,44998,3074,869
2025-04-24 15:11:39.161537,UDP,172.20.6.14,149.248.20.104,3074,44998,235
2025-04-24 15:11:39.164415,UDP,149.248.20.104,172.20.6.14,44998,3074,566
2025-04-24 15:11:39.180582,UDP,172.20.6.14,149.248.20.104,3074,44998,234
2025-04-24 15:11:39.180988,UDP,149.248.20.104,172.20.6.14,44998,3074,686
2025-04-24 15:11:39.186904,UDP,172.20.6.14,149.248.20.104,3074,44998,289
2025-04-24 15:11:39.196737,UDP,149.248.20.104,172.20.6.14,44998,3074,605
2025-04-24 15:11:39.205459,UDP,172.20.6.14,149.248.20.104,3074,44998,295
2025-04-24 15:11:39.212811,UDP,149.248.20.104,172.20.6.14,44998,3074,1138
2025-04-24 15:11:39.224718,UDP,172.20.6.14,149.248.20.104,3074,44998,241
2025-04-24 15:11:39.229024,UDP,149.248.20.104,172.20.6.14,44998,3074,807
2025-04-24 15:11:39.237694,UDP,172.20.6.14,149.248.20.104,3074,44998,245
2025-04-24 15:11:39.244646,UDP,149.248.20.104,172.20.6.14,44998,3074,816
2025-04-24 15:11:39.255723,UDP,172.20.6.14,149.248.20.104,3074,44998,245
2025-04-24 15:11:39.259314,UDP,149.248.20.104,172.20.6.14,44998,3074,595
2025-04-24 15:11:39.267892,UDP,172.20.6.14,149.248.20.104,3074,44998,240
2025-04-24 15:11:39.276423,UDP,149.248.20.104,172.20.6.14,44998,3074,623
2025-04-24 15:11:39.286477,UDP,172.20.6.14,149.248.20.104,3074,44998,240
2025-04-24 15:11:39.292708,UDP,149.248.20.104,172.20.6.14,44998,3074,562
2025-04-24 15:11:39.298766,UDP,172.20.6.14,149.248.20.104,3074,44998,244
2025-04-24 15:11:39.309009,UDP,149.248.20.104,172.20.6.14,44998,3074,675
2025-04-24 15:11:39.317659,UDP,172.20.6.14,149.248.20.104,3074,44998,242
2025-04-24 15:11:39.324253,UDP,149.248.20.104,172.20.6.14,44998,3074,609
2025-04-24 15:11:39.335817,UDP,172.20.6.14,149.248.20.104,3074,44998,240
2025-04-24 15:11:39.340308,UDP,149.248.20.104,172.20.6.14,44998,3074,696
2025-04-24 15:11:39.348049,UDP,172.20.6.14,149.248.20.104,3074,44998,245
2025-04-24 15:11:39.355849,UDP,149.248.20.104,172.20.6.14,44998,3074,590
2025-04-24 15:11:39.366745,UDP,172.20.6.14,149.248.20.104,3074,44998,249
2025-04-24 15:11:39.372012,UDP,149.248.20.104,172.20.6.14,44998,3074,668
2025-04-24 15:11:39.378842,UDP,172.20.6.14,149.248.20.104,3074,44998,248
2025-04-24 15:11:39.388074,UDP,149.248.20.104,172.20.6.14,44998,3074,579
2025-04-24 15:11:39.397503,UDP,172.20.6.14,149.248.20.104,3074,44998,246
2025-04-24 15:11:39.403909,UDP,172.20.6.14,149.248.20.104,3074,44998,254
2025-04-24 15:11:39.404282,UDP,149.248.20.104,172.20.6.14,44998,3074,627
2025-04-24 15:11:39.410058,UDP,172.20.6.14,149.248.20.104,3074,44998,203
2025-04-24 15:11:39.416281,UDP,172.20.6.14,149.248.20.104,3074,44998,210
2025-04-24 15:11:39.420486,UDP,149.248.20.104,172.20.6.14,44998,3074,591
2025-04-24 15:11:39.422450,UDP,172.20.6.14,149.248.20.104,3074,44998,210
2025-04-24 15:11:39.428835,UDP,172.20.6.14,149.248.20.104,3074,44998,257
2025-04-24 15:11:39.434779,UDP,172.20.6.14,149.248.20.104,3074,44998,207
2025-04-24 15:11:39.435610,UDP,149.248.20.104,172.20.6.14,44998,3074,657
2025-04-24 15:11:39.447614,UDP,172.20.6.14,149.248.20.104,3074,44998,239
2025-04-24 15:11:39.451794,UDP,149.248.20.104,172.20.6.14,44998,3074,610
2025-04-24 15:11:39.459709,UDP,172.20.6.14,149.248.20.104,3074,44998,243
2025-04-24 15:11:39.465762,UDP,172.20.6.14,149.248.20.104,3074,44998,250
2025-04-24 15:11:39.467902,UDP,149.248.20.104,172.20.6.14,44998,3074,691
2025-04-24 15:11:39.471867,UDP,172.20.6.14,149.248.20.104,3074,44998,202
2025-04-24 15:11:39.478052,UDP,172.20.6.14,149.248.20.104,3074,44998,211
2025-04-24 15:11:39.484135,UDP,149.248.20.104,172.20.6.14,44998,3074,573
2025-04-24 15:11:39.484237,UDP,172.20.6.14,149.248.20.104,3074,44998,209
2025-04-24 15:11:39.490344,UDP,172.20.6.14,149.248.20.104,3074,44998,259
2025-04-24 15:11:39.500413,UDP,149.248.20.104,172.20.6.14,44998,3074,700
2025-04-24 15:11:39.502790,UDP,172.20.6.14,149.248.20.104,3074,44998,217
2025-04-24 15:11:39.508791,UDP,172.20.6.14,149.248.20.104,3074,44998,268
2025-04-24 15:11:39.514845,UDP,172.20.6.14,149.248.20.104,3074,44998,217
2025-04-24 15:11:39.516328,UDP,149.248.20.104,172.20.6.14,44998,3074,627
2025-04-24 15:11:39.521051,UDP,172.20.6.14,149.248.20.104,3074,44998,212
2025-04-24 15:11:39.527618,UDP,172.20.6.14,149.248.20.104,3074,44998,214
2025-04-24 15:11:39.531510,UDP,149.248.20.104,172.20.6.14,44998,3074,681
2025-04-24 15:11:39.533769,UDP,172.20.6.14,149.248.20.104,3074,44998,214
2025-04-24 15:11:39.539772,UDP,172.20.6.14,149.248.20.104,3074,44998,254
2025-04-24 15:11:39.548189,UDP,149.248.20.104,172.20.6.14,44998,3074,591
2025-04-24 15:11:39.558677,UDP,172.20.6.14,149.248.20.104,3074,44998,251
2025-04-24 15:11:39.563498,UDP,149.248.20.104,172.20.6.14,44998,3074,650
2025-04-24 15:11:39.570814,UDP,172.20.6.14,149.248.20.104,3074,44998,246
2025-04-24 15:11:39.579466,UDP,149.248.20.104,172.20.6.14,44998,3074,536
2025-04-24 15:11:39.589678,UDP,172.20.6.14,149.248.20.104,3074,44998,270
2025-04-24 15:11:39.595210,UDP,172.20.6.14,149.248.20.104,3074,44998,268
2025-04-24 15:11:39.595956,UDP,149.248.20.104,172.20.6.14,44998,3074,621
2025-04-24 15:11:39.601492,UDP,172.20.6.14,149.248.20.104,3074,44998,219
2025-04-24 15:11:39.607683,UDP,172.20.6.14,149.248.20.104,3074,44998,217
2025-04-24 15:11:39.612058,UDP,149.248.20.104,172.20.6.14,44998,3074,622
2025-04-24 15:11:39.613992,UDP,172.20.6.14,149.248.20.104,3074,44998,217
2025-04-24 15:11:39.620115,UDP,172.20.6.14,149.248.20.104,3074,44998,238
2025-04-24 15:11:39.628078,UDP,149.248.20.104,172.20.6.14,44998,3074,656
2025-04-24 15:11:39.638871,UDP,172.20.6.14,149.248.20.104,3074,44998,234
2025-04-24 15:11:39.644150,UDP,149.248.20.104,172.20.6.14,44998,3074,481
2025-04-24 15:11:39.651631,UDP,172.20.6.14,149.248.20.104,3074,44998,237
2025-04-24 15:11:39.659102,UDP,149.248.20.104,172.20.6.14,44998,3074,523
2025-04-24 15:11:39.669809,UDP,172.20.6.14,149.248.20.104,3074,44998,241
2025-04-24 15:11:39.676732,UDP,149.248.20.104,172.20.6.14,44998,3074,505
2025-04-24 15:11:39.682274,UDP,172.20.6.14,149.248.20.104,3074,44998,199
2025-04-24 15:11:39.688042,UDP,172.20.6.14,149.248.20.104,3074,44998,250
2025-04-24 15:11:39.692037,UDP,149.248.20.104,172.20.6.14,44998,3074,547
2025-04-24 15:11:39.694054,UDP,172.20.6.14,149.248.20.104,3074,44998,198
2025-04-24 15:11:39.700552,UDP,172.20.6.14,149.248.20.104,3074,44998,252
2025-04-24 15:11:39.706506,UDP,172.20.6.14,149.248.20.104,3074,44998,205
2025-04-24 15:11:39.708621,UDP,149.248.20.104,172.20.6.14,44998,3074,481
2025-04-24 15:11:39.712656,UDP,172.20.6.14,149.248.20.104,3074,44998,205
2025-04-24 15:11:39.719311,UDP,172.20.6.14,149.248.20.104,3074,44998,191
2025-04-24 15:11:39.723594,UDP,149.248.20.104,172.20.6.14,44998,3074,579
2025-04-24 15:11:39.731655,UDP,172.20.6.14,149.248.20.104,3074,44998,233
2025-04-24 15:11:39.739714,UDP,149.248.20.104,172.20.6.14,44998,3074,515
2025-04-24 15:11:39.749862,UDP,172.20.6.14,149.248.20.104,3074,44998,234
2025-04-24 15:11:39.756611,UDP,149.248.20.104,172.20.6.14,44998,3074,540
2025-04-24 15:11:39.768493,UDP,172.20.6.14,149.248.20.104,3074,44998,236
2025-04-24 15:11:39.771160,UDP,149.248.20.104,172.20.6.14,44998,3074,474
2025-04-24 15:11:39.780815,UDP,172.20.6.14,149.248.20.104,3074,44998,243
2025-04-24 15:11:39.787688,UDP,149.248.20.104,172.20.6.14,44998,3074,527
2025-04-24 15:11:39.799192,UDP,172.20.6.14,149.248.20.104,3074,44998,242
2025-04-24 15:11:39.803796,UDP,149.248.20.104,172.20.6.14,44998,3074,484
2025-04-24 15:11:39.811634,UDP,172.20.6.14,149.248.20.104,3074,44998,242
2025-04-24 15:11:39.817741,UDP,172.20.6.14,149.248.20.104,3074,44998,250
2025-04-24 15:11:39.819712,UDP,149.248.20.104,172.20.6.14,44998,3074,507
2025-04-24 15:11:39.823883,UDP,172.20.6.14,149.248.20.104,3074,44998,198
2025-04-24 15:11:39.830130,UDP,172.20.6.14,149.248.20.104,3074,44998,206
2025-04-24 15:11:39.835731,UDP,149.248.20.104,172.20.6.14,44998,3074,515
2025-04-24 15:11:39.836334,UDP,172.20.6.14,149.248.20.104,3074,44998,213
2025-04-24 15:11:39.842697,UDP,172.20.6.14,149.248.20.104,3074,44998,267
2025-04-24 15:11:39.848456,UDP,172.20.6.14,149.248.20.104,3074,44998,217
2025-04-24 15:11:39.851279,UDP,149.248.20.104,172.20.6.14,44998,3074,532
2025-04-24 15:11:39.854720,UDP,172.20.6.14,149.248.20.104,3074,44998,217
2025-04-24 15:11:39.861230,UDP,172.20.6.14,149.248.20.104,3074,44998,215
2025-04-24 15:11:39.866963,UDP,172.20.6.14,149.248.20.104,3074,44998,213
2025-04-24 15:11:39.868941,UDP,149.248.20.104,172.20.6.14,44998,3074,578
2025-04-24 15:11:39.873366,UDP,172.20.6.14,149.248.20.104,3074,44998,213
2025-04-24 15:11:39.879522,UDP,172.20.6.14,149.248.20.104,3074,44998,197
2025-04-24 15:11:39.884898,UDP,149.248.20.104,172.20.6.14,44998,3074,643
2025-04-24 15:11:39.891998,UDP,172.20.6.14,149.248.20.104,3074,44998,232
2025-04-24 15:11:39.901507,UDP,149.248.20.104,172.20.6.14,44998,3074,502
2025-04-24 15:11:39.910476,UDP,172.20.6.14,149.248.20.104,3074,44998,236
2025-04-24 15:11:39.916569,UDP,149.248.20.104,172.20.6.14,44998,3074,564
2025-04-24 15:11:39.916612,UDP,172.20.6.14,149.248.20.104,3074,44998,244
2025-04-24 15:11:39.923159,UDP,172.20.6.14,149.248.20.104,3074,44998,267
2025-04-24 15:11:39.928944,UDP,172.20.6.14,149.248.20.104,3074,44998,214
2025-04-24 15:11:39.932461,UDP,149.248.20.104,172.20.6.14,44998,3074,583
2025-04-24 15:11:39.934973,UDP,172.20.6.14,149.248.20.104,3074,44998,214
2025-04-24 15:11:39.941354,UDP,172.20.6.14,149.248.20.104,3074,44998,221
2025-04-24 15:11:39.947244,UDP,172.20.6.14,149.248.20.104,3074,44998,219
2025-04-24 15:11:39.947725,UDP,149.248.20.104,172.20.6.14,44998,3074,597
2025-04-24 15:11:39.960224,UDP,172.20.6.14,149.248.20.104,3074,44998,236
2025-04-24 15:11:39.964929,UDP,149.248.20.104,172.20.6.14,44998,3074,518
2025-04-24 15:11:39.972691,UDP,172.20.6.14,149.248.20.104,3074,44998,238
2025-04-24 15:11:39.980093,UDP,149.248.20.104,172.20.6.14,44998,3074,585
2025-04-24 15:11:39.990944,UDP,172.20.6.14,149.248.20.104,3074,44998,234
2025-04-24 15:11:39.996242,UDP,149.248.20.104,172.20.6.14,44998,3074,574
2025-04-24 15:11:40.003692,UDP,172.20.6.14,149.248.20.104,3074,44998,248
2025-04-24 15:11:40.009500,UDP,172.20.6.14,149.248.20.104,3074,44998,246
2025-04-24 15:11:40.012651,UDP,149.248.20.104,172.20.6.14,44998,3074,585
2025-04-24 15:11:40.015445,UDP,172.20.6.14,149.248.20.104,3074,44998,201
2025-04-24 15:11:40.021868,UDP,172.20.6.14,149.248.20.104,3074,44998,227
2025-04-24 15:11:40.027812,UDP,172.20.6.14,149.248.20.104,3074,44998,225
2025-04-24 15:11:40.028811,UDP,149.248.20.104,172.20.6.14,44998,3074,520
2025-04-24 15:11:40.040264,UDP,172.20.6.14,149.248.20.104,3074,44998,264
2025-04-24 15:11:40.044604,UDP,149.248.20.104,172.20.6.14,44998,3074,681
2025-04-24 15:11:40.052874,UDP,172.20.6.14,149.248.20.104,3074,44998,251
2025-04-24 15:11:40.060716,UDP,149.248.20.104,172.20.6.14,44998,3074,554
2025-04-24 15:11:40.071146,UDP,172.20.6.14,149.248.20.104,3074,44998,248
2025-04-24 15:11:40.075876,UDP,149.248.20.104,172.20.6.14,44998,3074,592
2025-04-24 15:11:40.083479,UDP,172.20.6.14,149.248.20.104,3074,44998,243
2025-04-24 15:11:40.091379,UDP,149.248.20.104,172.20.6.14,44998,3074,537
2025-04-24 15:11:40.102781,UDP,172.20.6.14,149.248.20.104,3074,44998,241
2025-04-24 15:11:40.108637,UDP,172.20.6.14,149.248.20.104,3074,44998,248
2025-04-24 15:11:40.109225,UDP,149.248.20.104,172.20.6.14,44998,3074,582
2025-04-24 15:11:40.114817,UDP,172.20.6.14,149.248.20.104,3074,44998,254
2025-04-24 15:11:40.120719,UDP,172.20.6.14,149.248.20.104,3074,44998,205
2025-04-24 15:11:40.124527,UDP,149.248.20.104,172.20.6.14,44998,3074,501
2025-04-24 15:11:40.126920,UDP,172.20.6.14,149.248.20.104,3074,44998,205
2025-04-24 15:11:40.133202,UDP,172.20.6.14,149.248.20.104,3074,44998,211
2025-04-24 15:11:40.139355,UDP,172.20.6.14,149.248.20.104,3074,44998,209
2025-04-24 15:11:40.140472,UDP,149.248.20.104,172.20.6.14,44998,3074,575
2025-04-24 15:11:40.151766,UDP,172.20.6.14,149.248.20.104,3074,44998,245
2025-04-24 15:11:40.155801,UDP,149.248.20.104,172.20.6.14,44998,3074,510
2025-04-24 15:11:40.163988,UDP,172.20.6.14,149.248.20.104,3074,44998,245
2025-04-24 15:11:40.170310,UDP,172.20.6.14,149.248.20.104,3074,44998,252
2025-04-24 15:11:40.171969,UDP,149.248.20.104,172.20.6.14,44998,3074,563
2025-04-24 15:11:40.176137,UDP,172.20.6.14,149.248.20.104,3074,44998,203
2025-04-24 15:11:40.182773,UDP,172.20.6.14,149.248.20.104,3074,44998,206
2025-04-24 15:11:40.188180,UDP,149.248.20.104,172.20.6.14,44998,3074,578
2025-04-24 15:11:40.188472,UDP,172.20.6.14,149.248.20.104,3074,44998,206
2025-04-24 15:11:40.194903,UDP,172.20.6.14,149.248.20.104,3074,44998,257
2025-04-24 15:11:40.204734,UDP,149.248.20.104,172.20.6.14,44998,3074,609
2025-04-24 15:11:40.213414,UDP,172.20.6.14,149.248.20.104,3074,44998,256
2025-04-24 15:11:40.220573,UDP,149.248.20.104,172.20.6.14,44998,3074,404
2025-04-24 15:11:40.232003,UDP,172.20.6.14,149.248.20.104,3074,44998,300
2025-04-24 15:11:40.236943,UDP,149.248.20.104,172.20.6.14,44998,3074,629
2025-04-24 15:11:40.244167,UDP,172.20.6.14,149.248.20.104,3074,44998,234
2025-04-24 15:11:40.252465,UDP,149.248.20.104,172.20.6.14,44998,3074,379
2025-04-24 15:11:40.262751,UDP,172.20.6.14,149.248.20.104,3074,44998,281
2025-04-24 15:11:40.268288,UDP,149.248.20.104,172.20.6.14,44998,3074,634
2025-04-24 15:11:40.268890,UDP,172.20.6.14,149.248.20.104,3074,44998,244
2025-04-24 15:11:40.275026,UDP,172.20.6.14,149.248.20.104,3074,44998,256
2025-04-24 15:11:40.281306,UDP,172.20.6.14,149.248.20.104,3074,44998,211
2025-04-24 15:11:40.283837,UDP,149.248.20.104,172.20.6.14,44998,3074,462
2025-04-24 15:11:40.287209,UDP,172.20.6.14,149.248.20.104,3074,44998,211
2025-04-24 15:11:40.293525,UDP,172.20.6.14,149.248.20.104,3074,44998,206
2025-04-24 15:11:40.299527,UDP,172.20.6.14,149.248.20.104,3074,44998,204
2025-04-24 15:11:40.300211,UDP,149.248.20.104,172.20.6.14,44998,3074,498
2025-04-24 15:11:40.312312,UDP,172.20.6.14,149.248.20.104,3074,44998,231
2025-04-24 15:11:40.315569,UDP,149.248.20.104,172.20.6.14,44998,3074,325
2025-04-24 15:11:40.324353,UDP,172.20.6.14,149.248.20.104,3074,44998,235
2025-04-24 15:11:40.331901,UDP,149.248.20.104,172.20.6.14,44998,3074,516
2025-04-24 15:11:40.342856,UDP,172.20.6.14,149.248.20.104,3074,44998,276
2025-04-24 15:11:40.348184,UDP,149.248.20.104,172.20.6.14,44998,3074,492
2025-04-24 15:11:40.355340,UDP,172.20.6.14,149.248.20.104,3074,44998,228
2025-04-24 15:11:40.364238,UDP,149.248.20.104,172.20.6.14,44998,3074,517
2025-04-24 15:11:40.374123,UDP,172.20.6.14,149.248.20.104,3074,44998,286
2025-04-24 15:11:40.379527,UDP,149.248.20.104,172.20.6.14,44998,3074,359
2025-04-24 15:11:40.379789,UDP,172.20.6.14,149.248.20.104,3074,44998,244
2025-04-24 15:11:40.385921,UDP,172.20.6.14,149.248.20.104,3074,44998,200
2025-04-24 15:11:40.392282,UDP,172.20.6.14,149.248.20.104,3074,44998,194
2025-04-24 15:11:40.395668,UDP,149.248.20.104,172.20.6.14,44998,3074,512
2025-04-24 15:11:40.398218,UDP,172.20.6.14,149.248.20.104,3074,44998,194
2025-04-24 15:11:40.404688,UDP,172.20.6.14,149.248.20.104,3074,44998,229
2025-04-24 15:11:40.412763,UDP,149.248.20.104,172.20.6.14,44998,3074,466
2025-04-24 15:11:40.423218,UDP,172.20.6.14,149.248.20.104,3074,44998,224
2025-04-24 15:11:40.428808,UDP,149.248.20.104,172.20.6.14,44998,3074,490
2025-04-24 15:11:40.435505,UDP,172.20.6.14,149.248.20.104,3074,44998,231
2025-04-24 15:11:40.444609,UDP,149.248.20.104,172.20.6.14,44998,3074,481
2025-04-24 15:11:40.454025,UDP,172.20.6.14,149.248.20.104,3074,44998,236
2025-04-24 15:11:40.460416,UDP,149.248.20.104,172.20.6.14,44998,3074,522
2025-04-24 15:11:40.466235,UDP,172.20.6.14,149.248.20.104,3074,44998,226
2025-04-24 15:11:40.475816,UDP,149.248.20.104,172.20.6.14,44998,3074,447
2025-04-24 15:11:40.484827,UDP,172.20.6.14,149.248.20.104,3074,44998,220
2025-04-24 15:11:40.491824,UDP,149.248.20.104,172.20.6.14,44998,3074,523
2025-04-24 15:11:40.503567,UDP,172.20.6.14,149.248.20.104,3074,44998,212
2025-04-24 15:11:40.512709,UDP,149.248.20.104,172.20.6.14,44998,3074,564
2025-04-24 15:11:40.515669,UDP,172.20.6.14,149.248.20.104,3074,44998,246
2025-04-24 15:11:40.525214,UDP,149.248.20.104,172.20.6.14,44998,3074,711
2025-04-24 15:11:40.534377,UDP,172.20.6.14,149.248.20.104,3074,44998,214
2025-04-24 15:11:40.539355,UDP,149.248.20.104,172.20.6.14,44998,3074,475
2025-04-24 15:11:40.546628,UDP,172.20.6.14,149.248.20.104,3074,44998,239
2025-04-24 15:11:40.552659,UDP,172.20.6.14,149.248.20.104,3074,44998,237
2025-04-24 15:11:40.556462,UDP,149.248.20.104,172.20.6.14,44998,3074,499
2025-04-24 15:11:40.558803,UDP,172.20.6.14,149.248.20.104,3074,44998,204
2025-04-24 15:11:40.565015,UDP,172.20.6.14,149.248.20.104,3074,44998,204
2025-04-24 15:11:40.571393,UDP,172.20.6.14,149.248.20.104,3074,44998,202
2025-04-24 15:11:40.571569,UDP,149.248.20.104,172.20.6.14,44998,3074,462
2025-04-24 15:11:40.583727,UDP,172.20.6.14,149.248.20.104,3074,44998,231
2025-04-24 15:11:40.587231,UDP,149.248.20.104,172.20.6.14,44998,3074,593
2025-04-24 15:11:40.595954,UDP,172.20.6.14,149.248.20.104,3074,44998,228
2025-04-24 15:11:40.602206,UDP,172.20.6.14,149.248.20.104,3074,44998,235
2025-04-24 15:11:40.603749,UDP,172.20.6.14,149.248.20.104,3074,44998,159
2025-04-24 15:11:40.604519,UDP,149.248.20.104,172.20.6.14,44998,3074,487
2025-04-24 15:11:40.608125,UDP,172.20.6.14,149.248.20.104,3074,44998,198
2025-04-24 15:11:40.615318,UDP,172.20.6.14,149.248.20.104,3074,44998,203
2025-04-24 15:11:40.619646,UDP,149.248.20.104,172.20.6.14,44998,3074,536
2025-04-24 15:11:40.620921,UDP,172.20.6.14,149.248.20.104,3074,44998,201
2025-04-24 15:11:40.627014,UDP,172.20.6.14,149.248.20.104,3074,44998,245
2025-04-24 15:11:40.635158,UDP,149.248.20.104,172.20.6.14,44998,3074,522
2025-04-24 15:11:40.645559,UDP,172.20.6.14,149.248.20.104,3074,44998,250
2025-04-24 15:11:40.653562,UDP,149.248.20.104,172.20.6.14,44998,3074,581
2025-04-24 15:11:40.664463,UDP,172.20.6.14,149.248.20.104,3074,44998,241
2025-04-24 15:11:40.668006,UDP,149.248.20.104,172.20.6.14,44998,3074,456
2025-04-24 15:11:40.676740,UDP,172.20.6.14,149.248.20.104,3074,44998,236
2025-04-24 15:11:40.684363,UDP,149.248.20.104,172.20.6.14,44998,3074,748
2025-04-24 15:11:40.695856,UDP,172.20.6.14,149.248.20.104,3074,44998,245
2025-04-24 15:11:40.700195,UDP,149.248.20.104,172.20.6.14,44998,3074,687
2025-04-24 15:11:40.707970,UDP,172.20.6.14,149.248.20.104,3074,44998,248
2025-04-24 15:11:40.716234,UDP,149.248.20.104,172.20.6.14,44998,3074,522
2025-04-24 15:11:40.726659,UDP,172.20.6.14,149.248.20.104,3074,44998,289
2025-04-24 15:11:40.732283,UDP,149.248.20.104,172.20.6.14,44998,3074,445
2025-04-24 15:11:40.738955,UDP,172.20.6.14,149.248.20.104,3074,44998,282
2025-04-24 15:11:40.748334,UDP,149.248.20.104,172.20.6.14,44998,3074,538
2025-04-24 15:11:40.757607,UDP,172.20.6.14,149.248.20.104,3074,44998,236
2025-04-24 15:11:40.763722,UDP,172.20.6.14,149.248.20.104,3074,44998,260
2025-04-24 15:11:40.767678,UDP,149.248.20.104,172.20.6.14,44998,3074,606
2025-04-24 15:11:40.769955,UDP,172.20.6.14,149.248.20.104,3074,44998,216
2025-04-24 15:11:40.776265,UDP,172.20.6.14,149.248.20.104,3074,44998,215
2025-04-24 15:11:40.779565,UDP,149.248.20.104,172.20.6.14,44998,3074,661
2025-04-24 15:11:40.782201,UDP,172.20.6.14,149.248.20.104,3074,44998,213
2025-04-24 15:11:40.788397,UDP,172.20.6.14,149.248.20.104,3074,44998,260
2025-04-24 15:11:40.794577,UDP,172.20.6.14,149.248.20.104,3074,44998,216
2025-04-24 15:11:40.797194,UDP,149.248.20.104,172.20.6.14,44998,3074,507
2025-04-24 15:11:40.800699,UDP,172.20.6.14,149.248.20.104,3074,44998,216
2025-04-24 15:11:40.804154,UDP,172.20.6.14,149.248.20.104,3074,44998,159
2025-04-24 15:11:40.807226,UDP,172.20.6.14,149.248.20.104,3074,44998,192
2025-04-24 15:11:40.811650,UDP,149.248.20.104,172.20.6.14,44998,3074,538
2025-04-24 15:11:40.819440,UDP,172.20.6.14,149.248.20.104,3074,44998,237
2025-04-24 15:11:40.825530,UDP,172.20.6.14,149.248.20.104,3074,44998,244
2025-04-24 15:11:40.827769,UDP,149.248.20.104,172.20.6.14,44998,3074,494
2025-04-24 15:11:40.831668,UDP,172.20.6.14,149.248.20.104,3074,44998,202
2025-04-24 15:11:40.837843,UDP,172.20.6.14,149.248.20.104,3074,44998,204
2025-04-24 15:11:40.843992,UDP,172.20.6.14,149.248.20.104,3074,44998,204
2025-04-24 15:11:40.844411,UDP,149.248.20.104,172.20.6.14,44998,3074,581
2025-04-24 15:11:40.856449,UDP,172.20.6.14,149.248.20.104,3074,44998,243
2025-04-24 15:11:40.860781,UDP,149.248.20.104,172.20.6.14,44998,3074,466
2025-04-24 15:11:40.868727,UDP,172.20.6.14,149.248.20.104,3074,44998,236
2025-04-24 15:11:40.875964,UDP,149.248.20.104,172.20.6.14,44998,3074,501
2025-04-24 15:11:40.887430,UDP,172.20.6.14,149.248.20.104,3074,44998,237
2025-04-24 15:11:40.891740,UDP,149.248.20.104,172.20.6.14,44998,3074,951
2025-04-24 15:11:40.899560,UDP,172.20.6.14,149.248.20.104,3074,44998,230
2025-04-24 15:11:40.907790,UDP,149.248.20.104,172.20.6.14,44998,3074,1035
2025-04-24 15:11:40.918286,UDP,172.20.6.14,149.248.20.104,3074,44998,226
2025-04-24 15:11:40.924868,UDP,149.248.20.104,172.20.6.14,44998,3074,643
2025-04-24 15:11:40.931023,UDP,172.20.6.14,149.248.20.104,3074,44998,227
2025-04-24 15:11:40.940459,UDP,149.248.20.104,172.20.6.14,44998,3074,923
2025-04-24 15:11:40.948914,UDP,172.20.6.14,149.248.20.104,3074,44998,221
2025-04-24 15:11:40.956226,UDP,149.248.20.104,172.20.6.14,44998,3074,787
2025-04-24 15:11:40.968613,UDP,172.20.6.14,149.248.20.104,3074,44998,218
2025-04-24 15:11:40.973064,UDP,149.248.20.104,172.20.6.14,44998,3074,698
2025-04-24 15:11:40.981754,UDP,172.20.6.14,149.248.20.104,3074,44998,226
2025-04-24 15:11:40.988070,UDP,149.248.20.104,172.20.6.14,44998,3074,640
2025-04-24 15:11:41.000416,UDP,172.20.6.14,149.248.20.104,3074,44998,229
2025-04-24 15:11:41.004350,UDP,149.248.20.104,172.20.6.14,44998,3074,687
2025-04-24 15:11:41.013497,UDP,172.20.6.14,149.248.20.104,3074,44998,229
2025-04-24 15:11:41.020190,UDP,149.248.20.104,172.20.6.14,44998,3074,735
2025-04-24 15:11:41.028793,UDP,172.20.6.14,149.248.20.104,3074,44998,220
2025-04-24 15:11:41.035242,UDP,149.248.20.104,172.20.6.14,44998,3074,1012
2025-04-24 15:11:41.047084,UDP,172.20.6.14,149.248.20.104,3074,44998,220
2025-04-24 15:11:41.051371,UDP,149.248.20.104,172.20.6.14,44998,3074,637
2025-04-24 15:11:41.059528,UDP,172.20.6.14,149.248.20.104,3074,44998,232
2025-04-24 15:11:41.067426,UDP,149.248.20.104,172.20.6.14,44998,3074,593
2025-04-24 15:11:41.077835,UDP,172.20.6.14,149.248.20.104,3074,44998,228
2025-04-24 15:11:41.083474,UDP,149.248.20.104,172.20.6.14,44998,3074,687
2025-04-24 15:11:41.090470,UDP,172.20.6.14,149.248.20.104,3074,44998,225
2025-04-24 15:11:41.099856,UDP,149.248.20.104,172.20.6.14,44998,3074,749
2025-04-24 15:11:41.109245,UDP,172.20.6.14,149.248.20.104,3074,44998,225
2025-04-24 15:11:41.118177,UDP,149.248.20.104,172.20.6.14,44998,3074,628
2025-04-24 15:11:41.127764,UDP,172.20.6.14,149.248.20.104,3074,44998,224
2025-04-24 15:11:41.131904,UDP,149.248.20.104,172.20.6.14,44998,3074,732
2025-04-24 15:11:41.140222,UDP,172.20.6.14,149.248.20.104,3074,44998,225
2025-04-24 15:11:41.148637,UDP,149.248.20.104,172.20.6.14,44998,3074,490
2025-04-24 15:11:41.158442,UDP,172.20.6.14,149.248.20.104,3074,44998,219
2025-04-24 15:11:41.170962,UDP,172.20.6.14,149.248.20.104,3074,44998,424
2025-04-24 15:11:41.180779,UDP,149.248.20.104,172.20.6.14,44998,3074,490
2025-04-24 15:11:41.189509,UDP,172.20.6.14,149.248.20.104,3074,44998,257
2025-04-24 15:11:41.196046,UDP,149.248.20.104,172.20.6.14,44998,3074,712
2025-04-24 15:11:41.207866,UDP,172.20.6.14,149.248.20.104,3074,44998,216
2025-04-24 15:11:41.212729,UDP,149.248.20.104,172.20.6.14,44998,3074,445
2025-04-24 15:11:41.220314,UDP,172.20.6.14,149.248.20.104,3074,44998,219
2025-04-24 15:11:41.229306,UDP,149.248.20.104,172.20.6.14,44998,3074,663
2025-04-24 15:11:41.238678,UDP,172.20.6.14,149.248.20.104,3074,44998,217
2025-04-24 15:11:41.243869,UDP,149.248.20.104,172.20.6.14,44998,3074,561
2025-04-24 15:11:41.251410,UDP,172.20.6.14,149.248.20.104,3074,44998,220
2025-04-24 15:11:41.259372,UDP,149.248.20.104,172.20.6.14,44998,3074,620
2025-04-24 15:11:41.269743,UDP,172.20.6.14,149.248.20.104,3074,44998,221
2025-04-24 15:11:41.276750,UDP,149.248.20.104,172.20.6.14,44998,3074,672
2025-04-24 15:11:41.288131,UDP,172.20.6.14,149.248.20.104,3074,44998,217
2025-04-24 15:11:41.291248,UDP,149.248.20.104,172.20.6.14,44998,3074,765
2025-04-24 15:11:41.300566,UDP,172.20.6.14,149.248.20.104,3074,44998,225
2025-04-24 15:11:41.313143,UDP,149.248.20.104,172.20.6.14,44998,3074,524
2025-04-24 15:11:41.319052,UDP,172.20.6.14,149.248.20.104,3074,44998,233
2025-04-24 15:11:41.323983,UDP,149.248.20.104,172.20.6.14,44998,3074,1044
2025-04-24 15:11:41.331513,UDP,172.20.6.14,149.248.20.104,3074,44998,230
2025-04-24 15:11:41.340390,UDP,149.248.20.104,172.20.6.14,44998,3074,800
2025-04-24 15:11:41.350102,UDP,172.20.6.14,149.248.20.104,3074,44998,244
2025-04-24 15:11:41.355586,UDP,172.20.6.14,149.248.20.104,3074,44998,159
2025-04-24 15:11:41.355938,UDP,172.20.6.14,149.248.20.104,3074,44998,242
2025-04-24 15:11:41.360180,UDP,149.248.20.104,172.20.6.14,44998,3074,1282
2025-04-24 15:11:41.373741,UDP,172.20.6.14,149.248.20.104,3074,44998,246
2025-04-24 15:11:41.378448,UDP,149.248.20.104,172.20.6.14,44998,3074,1068
2025-04-24 15:11:41.379934,UDP,172.20.6.14,149.248.20.104,3074,44998,250
2025-04-24 15:11:41.388429,UDP,149.248.20.104,172.20.6.14,44998,3074,1315
2025-04-24 15:11:41.388429,UDP,149.248.20.104,172.20.6.14,44998,3074,276
2025-04-24 15:11:41.399138,UDP,172.20.6.14,149.248.20.104,3074,44998,303
2025-04-24 15:11:41.404945,UDP,149.248.20.104,172.20.6.14,44998,3074,632
2025-04-24 15:11:41.412131,UDP,172.20.6.14,149.248.20.104,3074,44998,276
