timestamp,protocol,src_ip,dst_ip,src_port,dst_port,length
2025-03-17 20:13:13.437658,TCP,172.20.1.181,17.248.192.2,58914,443,78
2025-03-17 20:13:13.455804,TCP,17.248.192.2,172.20.1.181,443,58914,74
2025-03-17 20:13:13.456660,TCP,172.20.1.181,17.248.192.2,58914,443,66
2025-03-17 20:13:13.456663,HTTPS,172.20.1.181,17.248.192.2,58914,443,583
2025-03-17 20:13:13.471248,TCP,17.248.192.2,172.20.1.181,443,58914,66
2025-03-17 20:13:13.471250,HTTPS,17.248.192.2,172.20.1.181,443,58914,1514
2025-03-17 20:13:13.471251,TCP,17.248.192.2,172.20.1.181,443,58914,1514
2025-03-17 20:13:13.471252,HTTPS,17.248.192.2,172.20.1.181,443,58914,757
2025-03-17 20:13:13.471845,TCP,172.20.1.181,17.248.192.2,58914,443,66
2025-03-17 20:13:13.486068,HTTPS,172.20.1.181,17.248.192.2,58914,443,146
2025-03-17 20:13:13.496522,HTTPS,172.20.1.181,17.248.192.2,58914,443,1403
2025-03-17 20:13:13.496773,HTTPS,172.20.1.181,17.248.192.2,58914,443,957
2025-03-17 20:13:13.496906,HTTPS,172.20.1.181,17.248.192.2,58914,443,97
2025-03-17 20:13:13.498829,HTTPS,17.248.192.2,172.20.1.181,443,58914,369
2025-03-17 20:13:13.498831,HTTPS,17.248.192.2,172.20.1.181,443,58914,369
2025-03-17 20:13:13.498832,HTTPS,17.248.192.2,172.20.1.181,443,58914,128
2025-03-17 20:13:13.500010,TCP,172.20.1.181,17.248.192.2,58914,443,66
2025-03-17 20:13:13.501789,HTTPS,172.20.1.181,17.248.192.2,58914,443,97
2025-03-17 20:13:13.507307,TCP,17.248.192.2,172.20.1.181,443,58914,66
2025-03-17 20:13:13.507308,HTTPS,17.248.192.2,172.20.1.181,443,58914,97
2025-03-17 20:13:13.507477,TCP,172.20.1.181,17.248.192.2,58914,443,66
2025-03-17 20:13:13.534804,TCP,172.20.1.181,17.248.192.2,58914,443,97
2025-03-17 20:13:13.545845,TCP,17.248.192.2,172.20.1.181,443,58914,78
2025-03-17 20:13:13.592388,HTTPS,17.248.192.2,172.20.1.181,443,58914,1514
2025-03-17 20:13:13.592392,HTTPS,17.248.192.2,172.20.1.181,443,58914,343
2025-03-17 20:13:13.592727,TCP,172.20.1.181,17.248.192.2,58914,443,66
2025-03-17 20:13:13.622346,HTTPS,142.250.189.170,172.20.1.181,443,56169,131
2025-03-17 20:13:13.622564,TCP,172.20.1.181,142.250.189.170,56169,443,66
2025-03-17 20:13:13.623199,HTTPS,172.20.1.181,142.250.189.170,56169,443,131
2025-03-17 20:13:13.633695,HTTPS,142.250.189.170,172.20.1.181,443,56169,105
2025-03-17 20:13:13.633863,TCP,172.20.1.181,142.250.189.170,56169,443,66
2025-03-17 20:13:13.712536,TCP,172.20.1.181,17.248.192.3,58915,443,78
2025-03-17 20:13:13.728795,TCP,17.248.192.3,172.20.1.181,443,58915,74
2025-03-17 20:13:13.729325,TCP,172.20.1.181,17.248.192.3,58915,443,66
2025-03-17 20:13:13.729330,HTTPS,172.20.1.181,17.248.192.3,58915,443,583
2025-03-17 20:13:13.743160,TCP,17.248.192.3,172.20.1.181,443,58915,66
2025-03-17 20:13:13.743162,HTTPS,17.248.192.3,172.20.1.181,443,58915,1514
2025-03-17 20:13:13.743165,TCP,17.248.192.3,172.20.1.181,443,58915,1514
2025-03-17 20:13:13.743168,HTTPS,17.248.192.3,172.20.1.181,443,58915,757
2025-03-17 20:13:13.744738,TCP,172.20.1.181,17.248.192.3,58915,443,66
2025-03-17 20:13:13.754243,HTTPS,172.20.1.181,17.248.192.3,58915,443,146
2025-03-17 20:13:13.763664,HTTPS,172.20.1.181,17.248.192.3,58915,443,1407
2025-03-17 20:13:13.763959,HTTPS,172.20.1.181,17.248.192.3,58915,443,747
2025-03-17 20:13:13.764067,HTTPS,172.20.1.181,17.248.192.3,58915,443,97
2025-03-17 20:13:13.767284,HTTPS,17.248.192.3,172.20.1.181,443,58915,369
2025-03-17 20:13:13.767287,HTTPS,17.248.192.3,172.20.1.181,443,58915,369
2025-03-17 20:13:13.767289,HTTPS,17.248.192.3,172.20.1.181,443,58915,128
2025-03-17 20:13:13.767768,TCP,172.20.1.181,17.248.192.3,58915,443,66
2025-03-17 20:13:13.767910,HTTPS,172.20.1.181,17.248.192.3,58915,443,97
2025-03-17 20:13:13.775738,TCP,17.248.192.3,172.20.1.181,443,58915,66
2025-03-17 20:13:13.775742,HTTPS,17.248.192.3,172.20.1.181,443,58915,97
2025-03-17 20:13:13.776007,TCP,172.20.1.181,17.248.192.3,58915,443,66
2025-03-17 20:13:13.808442,TCP,172.20.1.181,17.248.192.3,58915,443,97
2025-03-17 20:13:13.814760,HTTPS,17.248.192.3,172.20.1.181,443,58915,683
2025-03-17 20:13:13.815077,TCP,172.20.1.181,17.248.192.3,58915,443,66
2025-03-17 20:13:13.818400,TCP,17.248.192.3,172.20.1.181,443,58915,78
2025-03-17 20:13:13.848841,HTTPS,172.20.1.181,17.248.192.3,58915,443,185
2025-03-17 20:13:13.849226,HTTPS,172.20.1.181,17.248.192.3,58915,443,1514
2025-03-17 20:13:13.849241,TCP,172.20.1.181,17.248.192.3,58915,443,666
2025-03-17 20:13:13.849259,HTTPS,172.20.1.181,17.248.192.3,58915,443,151
2025-03-17 20:13:13.849360,HTTPS,172.20.1.181,17.248.192.3,58915,443,97
2025-03-17 20:13:13.861766,TCP,17.248.192.3,172.20.1.181,443,58915,66
2025-03-17 20:13:13.861768,TCP,17.248.192.3,172.20.1.181,443,58915,66
2025-03-17 20:13:13.861770,TCP,17.248.192.3,172.20.1.181,443,58915,66
2025-03-17 20:13:13.861771,TCP,17.248.192.3,172.20.1.181,443,58915,66
2025-03-17 20:13:14.144281,HTTPS,17.248.192.3,172.20.1.181,443,58915,1514
2025-03-17 20:13:14.144285,HTTPS,17.248.192.3,172.20.1.181,443,58915,429
2025-03-17 20:13:14.144288,HTTPS,17.248.192.3,172.20.1.181,443,58915,97
2025-03-17 20:13:14.144292,TCP,17.248.192.3,172.20.1.181,443,58915,97
2025-03-17 20:13:14.145441,TCP,172.20.1.181,17.248.192.3,58915,443,78
2025-03-17 20:13:14.200241,HTTPS,172.20.1.181,17.248.192.3,58915,443,258
2025-03-17 20:13:14.200421,HTTPS,172.20.1.181,17.248.192.3,58915,443,1009
2025-03-17 20:13:14.200516,HTTPS,172.20.1.181,17.248.192.3,58915,443,97
2025-03-17 20:13:14.206769,TCP,172.20.1.181,52.35.150.14,56747,443,78
2025-03-17 20:13:14.210773,TCP,17.248.192.3,172.20.1.181,443,58915,66
2025-03-17 20:13:14.210775,TCP,17.248.192.3,172.20.1.181,443,58915,66
2025-03-17 20:13:14.210776,TCP,17.248.192.3,172.20.1.181,443,58915,66
2025-03-17 20:13:14.211225,HTTPS,17.248.192.3,172.20.1.181,443,58915,101
2025-03-17 20:13:14.211404,TCP,172.20.1.181,17.248.192.3,58915,443,66
2025-03-17 20:13:14.266597,HTTPS,17.248.192.3,172.20.1.181,443,58915,1514
2025-03-17 20:13:14.266604,TCP,17.248.192.3,172.20.1.181,443,58915,1514
2025-03-17 20:13:14.266607,TCP,17.248.192.3,172.20.1.181,443,58915,1514
2025-03-17 20:13:14.266609,HTTPS,17.248.192.3,172.20.1.181,443,58915,190
2025-03-17 20:13:14.266946,TCP,172.20.1.181,17.248.192.3,58915,443,66
2025-03-17 20:13:14.457040,TCP,172.20.1.181,52.35.150.14,56748,443,78
2025-03-17 20:13:14.497546,HTTPS,172.20.1.181,17.248.192.2,58914,443,236
2025-03-17 20:13:14.497776,HTTPS,172.20.1.181,17.248.192.2,58914,443,1023
2025-03-17 20:13:14.497877,HTTPS,172.20.1.181,17.248.192.2,58914,443,97
2025-03-17 20:13:14.511665,TCP,17.248.192.2,172.20.1.181,443,58914,66
2025-03-17 20:13:14.511687,TCP,17.248.192.2,172.20.1.181,443,58914,66
2025-03-17 20:13:14.511688,TCP,17.248.192.2,172.20.1.181,443,58914,66
2025-03-17 20:13:14.511689,HTTPS,17.248.192.2,172.20.1.181,443,58914,101
2025-03-17 20:13:14.511908,TCP,172.20.1.181,17.248.192.2,58914,443,66
2025-03-17 20:13:14.674620,HTTPS,17.248.192.2,172.20.1.181,443,58914,1514
2025-03-17 20:13:14.674624,TCP,17.248.192.2,172.20.1.181,443,58914,1514
2025-03-17 20:13:14.674627,HTTPS,17.248.192.2,172.20.1.181,443,58914,177
2025-03-17 20:13:14.675150,TCP,172.20.1.181,17.248.192.2,58914,443,66
2025-03-17 20:13:14.697045,HTTPS,172.20.1.181,17.248.192.2,58911,443,105
2025-03-17 20:13:14.697521,HTTPS,172.20.1.181,17.248.192.2,58911,443,90
2025-03-17 20:13:14.697869,TCP,172.20.1.181,17.248.192.2,58911,443,66
2025-03-17 20:13:14.707497,TCP,17.248.192.2,172.20.1.181,443,58911,66
2025-03-17 20:13:14.708616,TCP,17.248.192.2,172.20.1.181,443,58911,66
2025-03-17 20:13:14.708619,TCP,17.248.192.2,172.20.1.181,443,58911,66
2025-03-17 20:13:14.708622,TCP,17.248.192.2,172.20.1.181,443,58911,66
2025-03-17 20:13:14.708776,TCP,172.20.1.181,17.248.192.2,58911,443,66
2025-03-17 20:13:15.136811,HTTPS,172.20.1.181,17.248.192.3,58915,443,105
2025-03-17 20:13:15.137041,HTTPS,172.20.1.181,17.248.192.3,58915,443,90
2025-03-17 20:13:15.137449,TCP,172.20.1.181,17.248.192.3,58915,443,66
2025-03-17 20:13:15.141127,TCP,172.20.1.181,17.248.192.3,58916,443,78
2025-03-17 20:13:15.148189,TCP,17.248.192.3,172.20.1.181,443,58915,66
2025-03-17 20:13:15.148191,TCP,17.248.192.3,172.20.1.181,443,58915,66
2025-03-17 20:13:15.148317,TCP,172.20.1.181,17.248.192.3,58915,443,66
2025-03-17 20:13:15.151431,TCP,17.248.192.3,172.20.1.181,443,58916,74
2025-03-17 20:13:15.151780,TCP,172.20.1.181,17.248.192.3,58916,443,66
2025-03-17 20:13:15.151782,HTTPS,172.20.1.181,17.248.192.3,58916,443,583
2025-03-17 20:13:15.162386,TCP,17.248.192.3,172.20.1.181,443,58916,66
2025-03-17 20:13:15.163341,HTTPS,17.248.192.3,172.20.1.181,443,58916,1514
2025-03-17 20:13:15.163344,TCP,17.248.192.3,172.20.1.181,443,58916,1514
2025-03-17 20:13:15.163933,TCP,172.20.1.181,17.248.192.3,58916,443,66
2025-03-17 20:13:15.174631,HTTPS,17.248.192.3,172.20.1.181,443,58916,757
2025-03-17 20:13:15.175047,TCP,172.20.1.181,17.248.192.3,58916,443,66
2025-03-17 20:13:15.194255,HTTPS,172.20.1.181,17.248.192.3,58916,443,146
2025-03-17 20:13:15.201297,HTTPS,172.20.1.181,17.248.192.3,58916,443,1195
2025-03-17 20:13:15.202419,HTTPS,172.20.1.181,17.248.192.3,58916,443,1514
2025-03-17 20:13:15.205421,HTTPS,17.248.192.3,172.20.1.181,443,58916,369
2025-03-17 20:13:15.205422,HTTPS,17.248.192.3,172.20.1.181,443,58916,369
2025-03-17 20:13:15.205424,HTTPS,17.248.192.3,172.20.1.181,443,58916,128
2025-03-17 20:13:15.205686,HTTPS,172.20.1.181,17.248.192.3,58916,443,385
2025-03-17 20:13:15.213060,TCP,17.248.192.3,172.20.1.181,443,58916,66
2025-03-17 20:13:15.213062,HTTPS,17.248.192.3,172.20.1.181,443,58916,97
2025-03-17 20:13:15.213252,HTTPS,172.20.1.181,17.248.192.3,58916,443,97
2025-03-17 20:13:15.223589,TCP,17.248.192.3,172.20.1.181,443,58916,66
2025-03-17 20:13:15.274654,HTTPS,17.248.192.3,172.20.1.181,443,58916,834
2025-03-17 20:13:15.275476,TCP,172.20.1.181,17.248.192.3,58916,443,66
2025-03-17 20:13:15.388438,HTTPS,172.20.1.181,17.248.192.2,58914,443,105
2025-03-17 20:13:15.388653,HTTPS,172.20.1.181,17.248.192.2,58914,443,90
2025-03-17 20:13:15.389007,TCP,172.20.1.181,17.248.192.2,58914,443,66
2025-03-17 20:13:15.398740,TCP,17.248.192.2,172.20.1.181,443,58914,66
2025-03-17 20:13:15.398742,TCP,17.248.192.2,172.20.1.181,443,58914,66
2025-03-17 20:13:15.398830,TCP,172.20.1.181,17.248.192.2,58914,443,66
2025-03-17 20:13:15.403588,TCP,172.20.1.181,17.248.192.3,58917,443,78
2025-03-17 20:13:15.413990,TCP,17.248.192.3,172.20.1.181,443,58917,74
2025-03-17 20:13:15.414707,TCP,172.20.1.181,17.248.192.3,58917,443,66
2025-03-17 20:13:15.414715,HTTPS,172.20.1.181,17.248.192.3,58917,443,583
2025-03-17 20:13:15.424592,TCP,17.248.192.3,172.20.1.181,443,58917,66
2025-03-17 20:13:15.425779,HTTPS,17.248.192.3,172.20.1.181,443,58917,1514
2025-03-17 20:13:15.425781,TCP,17.248.192.3,172.20.1.181,443,58917,1514
2025-03-17 20:13:15.425783,HTTPS,17.248.192.3,172.20.1.181,443,58917,757
2025-03-17 20:13:15.426884,TCP,172.20.1.181,17.248.192.3,58917,443,66
2025-03-17 20:13:15.434777,HTTPS,172.20.1.181,17.248.192.3,58917,443,146
2025-03-17 20:13:15.441207,HTTPS,172.20.1.181,17.248.192.3,58917,443,1405
2025-03-17 20:13:15.441359,HTTPS,172.20.1.181,17.248.192.3,58917,443,1514
2025-03-17 20:13:15.441366,HTTPS,172.20.1.181,17.248.192.3,58917,443,299
2025-03-17 20:13:15.441459,HTTPS,172.20.1.181,17.248.192.3,58917,443,97
2025-03-17 20:13:15.445132,HTTPS,17.248.192.3,172.20.1.181,443,58917,369
2025-03-17 20:13:15.445134,HTTPS,17.248.192.3,172.20.1.181,443,58917,369
2025-03-17 20:13:15.445137,HTTPS,17.248.192.3,172.20.1.181,443,58917,128
2025-03-17 20:13:15.445526,TCP,172.20.1.181,17.248.192.3,58917,443,66
2025-03-17 20:13:15.445664,HTTPS,172.20.1.181,17.248.192.3,58917,443,97
2025-03-17 20:13:15.450489,HTTPS,17.248.192.3,172.20.1.181,443,58917,97
2025-03-17 20:13:15.450614,TCP,172.20.1.181,17.248.192.3,58917,443,66
2025-03-17 20:13:15.451435,TCP,17.248.192.3,172.20.1.181,443,58917,66
2025-03-17 20:13:15.455843,TCP,17.248.192.3,172.20.1.181,443,58917,66
2025-03-17 20:13:15.655725,HTTPS,17.248.192.3,172.20.1.181,443,58917,1395
2025-03-17 20:13:15.655959,TCP,172.20.1.181,17.248.192.3,58917,443,66
2025-03-17 20:13:15.697695,HTTPS,172.20.1.181,17.248.192.3,58917,443,241
2025-03-17 20:13:15.697872,HTTPS,172.20.1.181,17.248.192.3,58917,443,1009
2025-03-17 20:13:15.697968,HTTPS,172.20.1.181,17.248.192.3,58917,443,97
2025-03-17 20:13:15.708091,TCP,17.248.192.3,172.20.1.181,443,58917,66
2025-03-17 20:13:15.750054,HTTPS,17.248.192.3,172.20.1.181,443,58917,1514
2025-03-17 20:13:15.750060,TCP,17.248.192.3,172.20.1.181,443,58917,1514
2025-03-17 20:13:15.750063,TCP,17.248.192.3,172.20.1.181,443,58917,1514
2025-03-17 20:13:15.750066,HTTPS,17.248.192.3,172.20.1.181,443,58917,194
2025-03-17 20:13:15.750469,TCP,172.20.1.181,17.248.192.3,58917,443,66
2025-03-17 20:13:15.938400,HTTPS,172.20.1.181,17.248.192.3,58917,443,200
2025-03-17 20:13:15.938606,HTTPS,172.20.1.181,17.248.192.3,58917,443,1008
2025-03-17 20:13:15.938716,HTTPS,172.20.1.181,17.248.192.3,58917,443,97
2025-03-17 20:13:15.949772,TCP,17.248.192.3,172.20.1.181,443,58917,66
2025-03-17 20:13:15.949775,HTTPS,17.248.192.3,172.20.1.181,443,58917,101
2025-03-17 20:13:15.950027,TCP,172.20.1.181,17.248.192.3,58917,443,66
2025-03-17 20:13:15.995394,HTTPS,17.248.192.3,172.20.1.181,443,58917,706
2025-03-17 20:13:15.995869,TCP,172.20.1.181,17.248.192.3,58917,443,66
2025-03-17 20:13:16.972500,TCP,172.20.1.181,35.186.224.24,56750,443,78
2025-03-17 20:13:16.983075,TCP,35.186.224.24,172.20.1.181,443,56750,74
2025-03-17 20:13:16.983164,TCP,172.20.1.181,35.186.224.24,56750,443,66
2025-03-17 20:13:16.983310,HTTPS,172.20.1.181,35.186.224.24,56750,443,1466
2025-03-17 20:13:16.983315,HTTPS,172.20.1.181,35.186.224.24,56750,443,675
2025-03-17 20:13:16.991621,HTTPS,162.159.133.234,172.20.1.181,443,56175,107
2025-03-17 20:13:16.991659,TCP,172.20.1.181,162.159.133.234,56175,443,66
2025-03-17 20:13:16.994863,TCP,35.186.224.24,172.20.1.181,443,56750,66
2025-03-17 20:13:16.994865,TCP,35.186.224.24,172.20.1.181,443,56750,66
2025-03-17 20:13:17.002786,HTTPS,35.186.224.24,172.20.1.181,443,56750,278
2025-03-17 20:13:17.002866,TCP,172.20.1.181,35.186.224.24,56750,443,66
2025-03-17 20:13:17.002990,HTTPS,172.20.1.181,35.186.224.24,56750,443,130
2025-03-17 20:13:17.014876,HTTPS,35.186.224.24,172.20.1.181,443,56750,652
2025-03-17 20:13:17.014957,TCP,172.20.1.181,35.186.224.24,56750,443,66
2025-03-17 20:13:17.382502,TCP,172.20.1.181,35.186.224.24,56750,443,66
2025-03-17 20:13:17.401420,TCP,35.186.224.24,172.20.1.181,443,56750,66
2025-03-17 20:13:17.401607,TCP,172.20.1.181,35.186.224.24,56750,443,66
2025-03-17 20:13:17.599863,HTTPS,162.159.133.234,172.20.1.181,443,56175,144
2025-03-17 20:13:17.600060,TCP,172.20.1.181,162.159.133.234,56175,443,66
2025-03-17 20:13:17.792643,HTTPS,172.20.1.181,17.248.192.3,58917,443,105
2025-03-17 20:13:17.793316,HTTPS,172.20.1.181,17.248.192.3,58917,443,90
2025-03-17 20:13:17.794602,TCP,172.20.1.181,17.248.192.3,58917,443,66
2025-03-17 20:13:17.808190,TCP,17.248.192.3,172.20.1.181,443,58917,66
2025-03-17 20:13:17.808194,TCP,17.248.192.3,172.20.1.181,443,58917,66
2025-03-17 20:13:17.808442,TCP,172.20.1.181,17.248.192.3,58917,443,66
2025-03-17 20:13:17.808892,TCP,17.248.192.3,172.20.1.181,443,58917,66
2025-03-17 20:13:18.207757,TCP,172.20.1.181,52.35.150.14,56747,443,78
2025-03-17 20:13:18.457379,TCP,172.20.1.181,52.35.150.14,56748,443,78
2025-03-17 20:13:20.256915,TCP,172.20.1.181,17.248.192.3,58918,443,78
2025-03-17 20:13:20.269121,TCP,17.248.192.3,172.20.1.181,443,58918,74
2025-03-17 20:13:20.269954,TCP,172.20.1.181,17.248.192.3,58918,443,66
2025-03-17 20:13:20.269960,HTTPS,172.20.1.181,17.248.192.3,58918,443,583
2025-03-17 20:13:20.282523,TCP,17.248.192.3,172.20.1.181,443,58918,66
2025-03-17 20:13:20.282526,HTTPS,17.248.192.3,172.20.1.181,443,58918,1514
2025-03-17 20:13:20.282529,TCP,17.248.192.3,172.20.1.181,443,58918,1514
2025-03-17 20:13:20.282531,HTTPS,17.248.192.3,172.20.1.181,443,58918,758
2025-03-17 20:13:20.283843,TCP,172.20.1.181,17.248.192.3,58918,443,66
2025-03-17 20:13:20.298911,HTTPS,172.20.1.181,17.248.192.3,58918,443,146
2025-03-17 20:13:20.309921,HTTPS,17.248.192.3,172.20.1.181,443,58918,369
2025-03-17 20:13:20.309924,HTTPS,17.248.192.3,172.20.1.181,443,58918,369
2025-03-17 20:13:20.309927,HTTPS,17.248.192.3,172.20.1.181,443,58918,128
2025-03-17 20:13:20.310324,TCP,172.20.1.181,17.248.192.3,58918,443,66
2025-03-17 20:13:20.314814,HTTPS,172.20.1.181,17.248.192.3,58918,443,1403
2025-03-17 20:13:20.315030,HTTPS,172.20.1.181,17.248.192.3,58918,443,97
2025-03-17 20:13:20.315123,HTTPS,172.20.1.181,17.248.192.3,58918,443,1240
2025-03-17 20:13:20.315171,HTTPS,172.20.1.181,17.248.192.3,58918,443,97
2025-03-17 20:13:20.327156,HTTPS,17.248.192.3,172.20.1.181,443,58918,97
2025-03-17 20:13:20.327159,TCP,17.248.192.3,172.20.1.181,443,58918,66
2025-03-17 20:13:20.327160,HTTPS,17.248.192.3,172.20.1.181,443,58918,101
2025-03-17 20:13:20.327437,TCP,172.20.1.181,17.248.192.3,58918,443,66
2025-03-17 20:13:20.365026,HTTPS,172.20.1.181,17.248.192.3,58918,443,101
2025-03-17 20:13:20.415790,HTTPS,172.20.1.181,17.248.192.3,58918,443,221
2025-03-17 20:13:20.416063,HTTPS,172.20.1.181,17.248.192.3,58918,443,1241
2025-03-17 20:13:20.416138,HTTPS,172.20.1.181,17.248.192.3,58918,443,97
2025-03-17 20:13:20.416768,TCP,17.248.192.3,172.20.1.181,443,58918,66
2025-03-17 20:13:20.427872,TCP,17.248.192.3,172.20.1.181,443,58918,66
2025-03-17 20:13:20.427874,TCP,17.248.192.3,172.20.1.181,443,58918,66
2025-03-17 20:13:20.427877,HTTPS,17.248.192.3,172.20.1.181,443,58918,101
2025-03-17 20:13:20.428142,TCP,172.20.1.181,17.248.192.3,58918,443,66
2025-03-17 20:13:20.468833,TCP,17.248.192.3,172.20.1.181,443,58918,66
2025-03-17 20:13:20.504008,HTTPS,17.248.192.3,172.20.1.181,443,58918,1514
2025-03-17 20:13:20.504012,TCP,17.248.192.3,172.20.1.181,443,58918,1514
2025-03-17 20:13:20.504015,HTTPS,17.248.192.3,172.20.1.181,443,58918,855
2025-03-17 20:13:20.504497,TCP,172.20.1.181,17.248.192.3,58918,443,66
2025-03-17 20:13:20.516448,HTTPS,172.20.1.181,17.248.192.3,58916,443,105
2025-03-17 20:13:20.516770,HTTPS,172.20.1.181,17.248.192.3,58916,443,90
2025-03-17 20:13:20.517093,TCP,172.20.1.181,17.248.192.3,58916,443,66
2025-03-17 20:13:20.532459,TCP,17.248.192.3,172.20.1.181,443,58916,66
2025-03-17 20:13:20.532462,TCP,17.248.192.3,172.20.1.181,443,58916,66
2025-03-17 20:13:20.532725,TCP,172.20.1.181,17.248.192.3,58916,443,66
2025-03-17 20:13:21.026262,TCP,172.20.1.181,17.248.192.3,58919,443,78
2025-03-17 20:13:21.044556,TCP,17.248.192.3,172.20.1.181,443,58919,74
2025-03-17 20:13:21.045736,TCP,172.20.1.181,17.248.192.3,58919,443,66
2025-03-17 20:13:21.045743,HTTPS,172.20.1.181,17.248.192.3,58919,443,583
2025-03-17 20:13:21.063342,TCP,17.248.192.3,172.20.1.181,443,58919,66
2025-03-17 20:13:21.063631,HTTPS,17.248.192.3,172.20.1.181,443,58919,1514
2025-03-17 20:13:21.063635,TCP,17.248.192.3,172.20.1.181,443,58919,1514
2025-03-17 20:13:21.064429,TCP,172.20.1.181,17.248.192.3,58919,443,66
2025-03-17 20:13:21.074514,HTTPS,17.248.192.3,172.20.1.181,443,58919,757
2025-03-17 20:13:21.075404,TCP,172.20.1.181,17.248.192.3,58919,443,66
2025-03-17 20:13:21.097172,HTTPS,172.20.1.181,17.248.192.3,58919,443,146
2025-03-17 20:13:21.101176,HTTPS,172.20.1.181,17.248.192.3,58919,443,1194
2025-03-17 20:13:21.101451,HTTPS,172.20.1.181,17.248.192.3,58919,443,1514
2025-03-17 20:13:21.107722,HTTPS,17.248.192.3,172.20.1.181,443,58919,369
2025-03-17 20:13:21.107780,HTTPS,17.248.192.3,172.20.1.181,443,58919,369
2025-03-17 20:13:21.107782,HTTPS,17.248.192.3,172.20.1.181,443,58919,128
2025-03-17 20:13:21.108347,TCP,172.20.1.181,17.248.192.3,58919,443,386
2025-03-17 20:13:21.108354,TCP,172.20.1.181,17.248.192.3,58919,443,66
2025-03-17 20:13:21.113013,HTTPS,17.248.192.3,172.20.1.181,443,58919,97
2025-03-17 20:13:21.113198,HTTPS,172.20.1.181,17.248.192.3,58919,443,662
2025-03-17 20:13:21.121260,TCP,17.248.192.3,172.20.1.181,443,58919,66
2025-03-17 20:13:21.165578,TCP,17.248.192.3,172.20.1.181,443,58919,66
2025-03-17 20:13:21.185867,HTTPS,17.248.192.3,172.20.1.181,443,58919,834
2025-03-17 20:13:21.186316,TCP,172.20.1.181,17.248.192.3,58919,443,66
2025-03-17 20:13:21.280242,HTTPS,172.20.1.181,17.248.192.3,58918,443,105
2025-03-17 20:13:21.280656,HTTPS,172.20.1.181,17.248.192.3,58918,443,90
2025-03-17 20:13:21.281281,TCP,172.20.1.181,17.248.192.3,58918,443,66
2025-03-17 20:13:21.292201,TCP,17.248.192.3,172.20.1.181,443,58918,66
2025-03-17 20:13:21.292203,TCP,17.248.192.3,172.20.1.181,443,58918,66
2025-03-17 20:13:21.292204,TCP,17.248.192.3,172.20.1.181,443,58918,66
2025-03-17 20:13:21.292429,TCP,172.20.1.181,17.248.192.3,58918,443,66
2025-03-17 20:13:21.312204,TCP,172.20.1.181,17.248.192.3,58920,443,78
2025-03-17 20:13:21.322215,TCP,17.248.192.3,172.20.1.181,443,58920,74
2025-03-17 20:13:21.323208,TCP,172.20.1.181,17.248.192.3,58920,443,66
2025-03-17 20:13:21.323215,HTTPS,172.20.1.181,17.248.192.3,58920,443,583
2025-03-17 20:13:21.334055,TCP,17.248.192.3,172.20.1.181,443,58920,66
2025-03-17 20:13:21.335152,HTTPS,17.248.192.3,172.20.1.181,443,58920,1514
2025-03-17 20:13:21.335155,TCP,17.248.192.3,172.20.1.181,443,58920,1514
2025-03-17 20:13:21.335157,HTTPS,17.248.192.3,172.20.1.181,443,58920,758
2025-03-17 20:13:21.336079,TCP,172.20.1.181,17.248.192.3,58920,443,66
2025-03-17 20:13:21.345830,HTTPS,172.20.1.181,17.248.192.3,58920,443,146
2025-03-17 20:13:21.355615,HTTPS,172.20.1.181,17.248.192.3,58920,443,1406
2025-03-17 20:13:21.355890,HTTPS,172.20.1.181,17.248.192.3,58920,443,1514
2025-03-17 20:13:21.355902,HTTPS,172.20.1.181,17.248.192.3,58920,443,294
2025-03-17 20:13:21.356013,HTTPS,172.20.1.181,17.248.192.3,58920,443,97
2025-03-17 20:13:21.356435,HTTPS,17.248.192.3,172.20.1.181,443,58920,369
2025-03-17 20:13:21.356437,HTTPS,17.248.192.3,172.20.1.181,443,58920,369
2025-03-17 20:13:21.356666,TCP,172.20.1.181,17.248.192.3,58920,443,66
2025-03-17 20:13:21.357638,HTTPS,17.248.192.3,172.20.1.181,443,58920,128
2025-03-17 20:13:21.357780,TCP,172.20.1.181,17.248.192.3,58920,443,66
2025-03-17 20:13:21.357917,HTTPS,172.20.1.181,17.248.192.3,58920,443,97
2025-03-17 20:13:21.366078,HTTPS,17.248.192.3,172.20.1.181,443,58920,97
2025-03-17 20:13:21.366273,TCP,172.20.1.181,17.248.192.3,58920,443,66
2025-03-17 20:13:21.367440,TCP,17.248.192.3,172.20.1.181,443,58920,66
2025-03-17 20:13:21.369336,TCP,17.248.192.3,172.20.1.181,443,58920,66
2025-03-17 20:13:21.557161,HTTPS,17.248.192.3,172.20.1.181,443,58920,1401
2025-03-17 20:13:21.557165,HTTPS,17.248.192.3,172.20.1.181,443,58920,97
2025-03-17 20:13:21.557659,TCP,172.20.1.181,17.248.192.3,58920,443,66
2025-03-17 20:13:21.611977,HTTPS,172.20.1.181,17.248.192.3,58920,443,241
2025-03-17 20:13:21.612236,HTTPS,172.20.1.181,17.248.192.3,58920,443,1009
2025-03-17 20:13:21.612307,HTTPS,172.20.1.181,17.248.192.3,58920,443,97
2025-03-17 20:13:21.623607,TCP,17.248.192.3,172.20.1.181,443,58920,66
2025-03-17 20:13:21.673158,HTTPS,17.248.192.3,172.20.1.181,443,58920,1514
2025-03-17 20:13:21.673162,TCP,17.248.192.3,172.20.1.181,443,58920,1514
2025-03-17 20:13:21.673165,TCP,17.248.192.3,172.20.1.181,443,58920,1514
2025-03-17 20:13:21.673168,HTTPS,17.248.192.3,172.20.1.181,443,58920,171
2025-03-17 20:13:21.673674,TCP,172.20.1.181,17.248.192.3,58920,443,66
2025-03-17 20:13:21.942185,HTTPS,172.20.1.181,17.248.192.3,58920,443,200
2025-03-17 20:13:21.942588,HTTPS,172.20.1.181,17.248.192.3,58920,443,1009
2025-03-17 20:13:21.942703,HTTPS,172.20.1.181,17.248.192.3,58920,443,97
2025-03-17 20:13:21.954840,TCP,17.248.192.3,172.20.1.181,443,58920,66
2025-03-17 20:13:21.975869,TCP,172.20.1.181,17.248.192.3,58921,443,78
2025-03-17 20:13:21.985889,TCP,17.248.192.3,172.20.1.181,443,58921,74
2025-03-17 20:13:21.986790,TCP,172.20.1.181,17.248.192.3,58921,443,66
2025-03-17 20:13:21.986798,HTTPS,172.20.1.181,17.248.192.3,58921,443,583
2025-03-17 20:13:21.996736,TCP,17.248.192.3,172.20.1.181,443,58921,66
2025-03-17 20:13:21.997071,HTTPS,17.248.192.3,172.20.1.181,443,58921,1514
2025-03-17 20:13:21.997074,TCP,17.248.192.3,172.20.1.181,443,58921,1514
2025-03-17 20:13:21.997077,HTTPS,17.248.192.3,172.20.1.181,443,58921,757
2025-03-17 20:13:21.998450,TCP,172.20.1.181,17.248.192.3,58921,443,66
2025-03-17 20:13:22.000818,HTTPS,17.248.192.3,172.20.1.181,443,58920,705
2025-03-17 20:13:22.000966,TCP,172.20.1.181,17.248.192.3,58920,443,66
2025-03-17 20:13:22.008366,HTTPS,172.20.1.181,17.248.192.3,58921,443,146
2025-03-17 20:13:22.018952,HTTPS,17.248.192.3,172.20.1.181,443,58921,369
2025-03-17 20:13:22.018955,HTTPS,17.248.192.3,172.20.1.181,443,58921,369
2025-03-17 20:13:22.018957,HTTPS,17.248.192.3,172.20.1.181,443,58921,128
2025-03-17 20:13:22.019880,HTTPS,172.20.1.181,17.248.192.3,58921,443,1404
2025-03-17 20:13:22.020481,TCP,172.20.1.181,17.248.192.3,58921,443,66
2025-03-17 20:13:22.020871,HTTPS,172.20.1.181,17.248.192.3,58921,443,97
2025-03-17 20:13:22.020995,HTTPS,172.20.1.181,17.248.192.3,58921,443,1402
2025-03-17 20:13:22.021150,HTTPS,172.20.1.181,17.248.192.3,58921,443,97
2025-03-17 20:13:22.030209,TCP,17.248.192.3,172.20.1.181,443,58921,66
2025-03-17 20:13:22.030213,HTTPS,17.248.192.3,172.20.1.181,443,58921,97
2025-03-17 20:13:22.030214,HTTPS,17.248.192.3,172.20.1.181,443,58921,101
2025-03-17 20:13:22.030607,TCP,172.20.1.181,17.248.192.3,58921,443,66
2025-03-17 20:13:22.060058,TCP,172.20.1.181,17.248.192.3,58921,443,97
2025-03-17 20:13:22.070093,TCP,17.248.192.3,172.20.1.181,443,58921,78
2025-03-17 20:13:22.117342,HTTPS,17.248.192.3,172.20.1.181,443,58921,1514
2025-03-17 20:13:22.117346,TCP,17.248.192.3,172.20.1.181,443,58921,1514
2025-03-17 20:13:22.117349,HTTPS,17.248.192.3,172.20.1.181,443,58921,1057
2025-03-17 20:13:22.117817,TCP,172.20.1.181,17.248.192.3,58921,443,66
2025-03-17 20:13:22.130139,HTTPS,172.20.1.181,17.248.192.3,58919,443,105
2025-03-17 20:13:22.130426,HTTPS,172.20.1.181,17.248.192.3,58919,443,90
2025-03-17 20:13:22.130662,TCP,172.20.1.181,17.248.192.3,58919,443,66
2025-03-17 20:13:22.142060,TCP,17.248.192.3,172.20.1.181,443,58919,66
2025-03-17 20:13:22.142063,TCP,17.248.192.3,172.20.1.181,443,58919,66
2025-03-17 20:13:22.142064,TCP,17.248.192.3,172.20.1.181,443,58919,66
2025-03-17 20:13:22.142065,TCP,17.248.192.3,172.20.1.181,443,58919,66
2025-03-17 20:13:22.142292,TCP,172.20.1.181,17.248.192.3,58919,443,66
2025-03-17 20:13:22.539245,HTTPS,172.20.1.181,17.248.192.3,58920,443,105
2025-03-17 20:13:22.539653,HTTPS,172.20.1.181,17.248.192.3,58920,443,90
2025-03-17 20:13:22.540222,TCP,172.20.1.181,17.248.192.3,58920,443,66
2025-03-17 20:13:22.542441,TCP,172.20.1.181,17.248.192.3,58922,443,78
2025-03-17 20:13:22.551042,TCP,17.248.192.3,172.20.1.181,443,58920,66
2025-03-17 20:13:22.551044,TCP,17.248.192.3,172.20.1.181,443,58920,66
2025-03-17 20:13:22.551187,TCP,172.20.1.181,17.248.192.3,58920,443,66
2025-03-17 20:13:22.553174,TCP,17.248.192.3,172.20.1.181,443,58922,74
2025-03-17 20:13:22.553790,TCP,172.20.1.181,17.248.192.3,58922,443,66
2025-03-17 20:13:22.553793,HTTPS,172.20.1.181,17.248.192.3,58922,443,583
2025-03-17 20:13:22.564248,TCP,17.248.192.3,172.20.1.181,443,58922,66
2025-03-17 20:13:22.564250,HTTPS,17.248.192.3,172.20.1.181,443,58922,1514
2025-03-17 20:13:22.564897,TCP,172.20.1.181,17.248.192.3,58922,443,66
2025-03-17 20:13:22.565294,TCP,17.248.192.3,172.20.1.181,443,58922,1514
2025-03-17 20:13:22.565397,TCP,172.20.1.181,17.248.192.3,58922,443,66
2025-03-17 20:13:22.575186,HTTPS,17.248.192.3,172.20.1.181,443,58922,758
2025-03-17 20:13:22.575689,TCP,172.20.1.181,17.248.192.3,58922,443,66
2025-03-17 20:13:22.593969,HTTPS,172.20.1.181,17.248.192.3,58922,443,146
2025-03-17 20:13:22.596827,HTTPS,172.20.1.181,17.248.192.3,58922,443,1196
2025-03-17 20:13:22.596969,HTTPS,172.20.1.181,17.248.192.3,58922,443,1514
2025-03-17 20:13:22.607729,HTTPS,17.248.192.3,172.20.1.181,443,58922,369
2025-03-17 20:13:22.607731,HTTPS,17.248.192.3,172.20.1.181,443,58922,369
2025-03-17 20:13:22.607733,HTTPS,17.248.192.3,172.20.1.181,443,58922,128
2025-03-17 20:13:22.608089,TCP,172.20.1.181,17.248.192.3,58922,443,384
2025-03-17 20:13:22.623902,TCP,17.248.192.3,172.20.1.181,443,58922,66
2025-03-17 20:13:22.623905,HTTPS,17.248.192.3,172.20.1.181,443,58922,97
2025-03-17 20:13:22.624061,HTTPS,172.20.1.181,17.248.192.3,58922,443,875
2025-03-17 20:13:22.638539,TCP,17.248.192.3,172.20.1.181,443,58922,66
2025-03-17 20:13:22.693503,HTTPS,17.248.192.3,172.20.1.181,443,58922,833
2025-03-17 20:13:22.693918,TCP,172.20.1.181,17.248.192.3,58922,443,66
2025-03-17 20:13:22.757643,HTTPS,172.20.1.181,17.248.192.3,58921,443,105
2025-03-17 20:13:22.757946,HTTPS,172.20.1.181,17.248.192.3,58921,443,90
2025-03-17 20:13:22.758337,TCP,172.20.1.181,17.248.192.3,58921,443,66
2025-03-17 20:13:22.767668,TCP,17.248.192.3,172.20.1.181,443,58921,66
2025-03-17 20:13:22.769881,TCP,17.248.192.3,172.20.1.181,443,58921,66
2025-03-17 20:13:22.769883,TCP,17.248.192.3,172.20.1.181,443,58921,66
2025-03-17 20:13:22.770025,TCP,172.20.1.181,17.248.192.3,58921,443,66
2025-03-17 20:13:22.774571,TCP,172.20.1.181,17.248.192.3,58923,443,78
2025-03-17 20:13:22.787300,TCP,17.248.192.3,172.20.1.181,443,58923,74
2025-03-17 20:13:22.788055,TCP,172.20.1.181,17.248.192.3,58923,443,66
2025-03-17 20:13:22.788058,HTTPS,172.20.1.181,17.248.192.3,58923,443,583
2025-03-17 20:13:22.801732,TCP,17.248.192.3,172.20.1.181,443,58923,66
2025-03-17 20:13:22.801734,HTTPS,17.248.192.3,172.20.1.181,443,58923,1514
2025-03-17 20:13:22.801735,TCP,17.248.192.3,172.20.1.181,443,58923,1514
2025-03-17 20:13:22.801736,HTTPS,17.248.192.3,172.20.1.181,443,58923,758
2025-03-17 20:13:22.802392,TCP,172.20.1.181,17.248.192.3,58923,443,66
2025-03-17 20:13:22.810734,HTTPS,172.20.1.181,17.248.192.3,58923,443,146
2025-03-17 20:13:22.817564,HTTPS,172.20.1.181,17.248.192.3,58923,443,1405
2025-03-17 20:13:22.817819,HTTPS,172.20.1.181,17.248.192.3,58923,443,1514
2025-03-17 20:13:22.817828,HTTPS,172.20.1.181,17.248.192.3,58923,443,288
2025-03-17 20:13:22.817925,HTTPS,172.20.1.181,17.248.192.3,58923,443,97
2025-03-17 20:13:22.831077,HTTPS,17.248.192.3,172.20.1.181,443,58923,369
2025-03-17 20:13:22.831079,HTTPS,17.248.192.3,172.20.1.181,443,58923,369
2025-03-17 20:13:22.831081,HTTPS,17.248.192.3,172.20.1.181,443,58923,128
2025-03-17 20:13:22.831082,TCP,17.248.192.3,172.20.1.181,443,58923,66
2025-03-17 20:13:22.831083,HTTPS,17.248.192.3,172.20.1.181,443,58923,97
2025-03-17 20:13:22.831431,TCP,172.20.1.181,17.248.192.3,58923,443,66
2025-03-17 20:13:22.831646,HTTPS,172.20.1.181,17.248.192.3,58923,443,97
2025-03-17 20:13:22.884528,TCP,17.248.192.3,172.20.1.181,443,58923,66
2025-03-17 20:13:23.041392,HTTPS,17.248.192.3,172.20.1.181,443,58923,1396
2025-03-17 20:13:23.041598,TCP,172.20.1.181,17.248.192.3,58923,443,66
2025-03-17 20:13:23.085601,HTTPS,172.20.1.181,17.248.192.3,58923,443,258
2025-03-17 20:13:23.085817,HTTPS,172.20.1.181,17.248.192.3,58923,443,1008
2025-03-17 20:13:23.085917,HTTPS,172.20.1.181,17.248.192.3,58923,443,97
2025-03-17 20:13:23.095852,TCP,17.248.192.3,172.20.1.181,443,58923,66
2025-03-17 20:13:23.097582,TCP,17.248.192.3,172.20.1.181,443,58923,66
2025-03-17 20:13:23.097584,HTTPS,17.248.192.3,172.20.1.181,443,58923,101
2025-03-17 20:13:23.097750,TCP,172.20.1.181,17.248.192.3,58923,443,66
2025-03-17 20:13:23.140276,TCP,17.248.192.3,172.20.1.181,443,58923,66
2025-03-17 20:13:23.140279,HTTPS,17.248.192.3,172.20.1.181,443,58923,1514
2025-03-17 20:13:23.140282,TCP,17.248.192.3,172.20.1.181,443,58923,1514
2025-03-17 20:13:23.140284,TCP,17.248.192.3,172.20.1.181,443,58923,1514
2025-03-17 20:13:23.140287,HTTPS,17.248.192.3,172.20.1.181,443,58923,175
2025-03-17 20:13:23.140618,TCP,172.20.1.181,17.248.192.3,58923,443,66
2025-03-17 20:13:23.345980,HTTPS,172.20.1.181,17.248.192.3,58923,443,199
2025-03-17 20:13:23.346343,HTTPS,172.20.1.181,17.248.192.3,58923,443,1009
2025-03-17 20:13:23.346431,HTTPS,172.20.1.181,17.248.192.3,58923,443,97
2025-03-17 20:13:23.356783,TCP,17.248.192.3,172.20.1.181,443,58923,66
2025-03-17 20:13:23.357160,TCP,17.248.192.3,172.20.1.181,443,58923,66
2025-03-17 20:13:23.357163,TCP,17.248.192.3,172.20.1.181,443,58923,66
2025-03-17 20:13:23.416385,HTTPS,17.248.192.3,172.20.1.181,443,58923,706
2025-03-17 20:13:23.416390,HTTPS,17.248.192.3,172.20.1.181,443,58923,97
2025-03-17 20:13:23.416845,TCP,172.20.1.181,17.248.192.3,58923,443,66
2025-03-17 20:13:25.294065,HTTPS,172.20.1.181,17.248.192.3,58923,443,105
2025-03-17 20:13:25.294695,HTTPS,172.20.1.181,17.248.192.3,58923,443,90
2025-03-17 20:13:25.295692,TCP,172.20.1.181,17.248.192.3,58923,443,66
2025-03-17 20:13:25.304946,TCP,17.248.192.3,172.20.1.181,443,58923,66
2025-03-17 20:13:25.304948,TCP,17.248.192.3,172.20.1.181,443,58923,66
2025-03-17 20:13:25.304951,TCP,17.248.192.3,172.20.1.181,443,58923,66
2025-03-17 20:13:25.305183,TCP,172.20.1.181,17.248.192.3,58923,443,66
2025-03-17 20:13:25.306895,TCP,17.248.192.3,172.20.1.181,443,58923,66
2025-03-17 20:13:26.208870,TCP,172.20.1.181,52.35.150.14,56747,443,78
2025-03-17 20:13:26.458918,TCP,172.20.1.181,52.35.150.14,56748,443,78
2025-03-17 20:13:27.203262,TCP,172.20.1.181,17.248.193.33,58924,443,78
2025-03-17 20:13:27.226752,TCP,17.248.193.33,172.20.1.181,443,58924,74
2025-03-17 20:13:27.227575,TCP,172.20.1.181,17.248.193.33,58924,443,66
2025-03-17 20:13:27.227582,HTTPS,172.20.1.181,17.248.193.33,58924,443,583
2025-03-17 20:13:27.250695,TCP,17.248.193.33,172.20.1.181,443,58924,66
2025-03-17 20:13:27.252044,HTTPS,17.248.193.33,172.20.1.181,443,58924,1514
2025-03-17 20:13:27.252584,TCP,172.20.1.181,17.248.193.33,58924,443,66
2025-03-17 20:13:27.252831,TCP,17.248.193.33,172.20.1.181,443,58924,1514
2025-03-17 20:13:27.252834,HTTPS,17.248.193.33,172.20.1.181,443,58924,563
2025-03-17 20:13:27.253460,TCP,172.20.1.181,17.248.193.33,58924,443,66
2025-03-17 20:13:27.268317,HTTPS,172.20.1.181,17.248.193.33,58924,443,159
2025-03-17 20:13:27.291421,HTTPS,17.248.193.33,172.20.1.181,443,58924,117
2025-03-17 20:13:27.291424,HTTPS,17.248.193.33,172.20.1.181,443,58924,135
2025-03-17 20:13:27.292858,TCP,172.20.1.181,17.248.193.33,58924,443,66
2025-03-17 20:13:27.294231,HTTPS,172.20.1.181,17.248.193.33,58924,443,410
2025-03-17 20:13:27.294588,HTTPS,172.20.1.181,17.248.193.33,58924,443,104
2025-03-17 20:13:27.294656,HTTPS,172.20.1.181,17.248.193.33,58924,443,416
2025-03-17 20:13:27.294690,HTTPS,172.20.1.181,17.248.193.33,58924,443,634
2025-03-17 20:13:27.295760,TCP,172.20.1.181,17.248.192.3,58925,443,78
2025-03-17 20:13:27.306352,TCP,17.248.192.3,172.20.1.181,443,58925,74
2025-03-17 20:13:27.307194,TCP,172.20.1.181,17.248.192.3,58925,443,66
2025-03-17 20:13:27.307201,HTTPS,172.20.1.181,17.248.192.3,58925,443,583
2025-03-17 20:13:27.316654,TCP,17.248.192.3,172.20.1.181,443,58925,66
2025-03-17 20:13:27.317692,HTTPS,17.248.192.3,172.20.1.181,443,58925,1514
2025-03-17 20:13:27.317695,TCP,17.248.192.3,172.20.1.181,443,58925,1514
2025-03-17 20:13:27.317697,HTTPS,17.248.192.3,172.20.1.181,443,58925,756
2025-03-17 20:13:27.317699,TCP,17.248.193.33,172.20.1.181,443,58924,66
2025-03-17 20:13:27.318698,HTTPS,17.248.193.33,172.20.1.181,443,58924,104
2025-03-17 20:13:27.318699,HTTPS,17.248.193.33,172.20.1.181,443,58924,300
2025-03-17 20:13:27.318911,TCP,172.20.1.181,17.248.192.3,58925,443,66
2025-03-17 20:13:27.319216,TCP,172.20.1.181,17.248.193.33,58924,443,66
2025-03-17 20:13:27.319767,HTTPS,17.248.193.33,172.20.1.181,443,58924,300
2025-03-17 20:13:27.319858,TCP,172.20.1.181,17.248.193.33,58924,443,66
2025-03-17 20:13:27.322949,HTTPS,172.20.1.181,17.248.193.33,58924,443,130
2025-03-17 20:13:27.323139,HTTPS,172.20.1.181,17.248.193.33,58924,443,449
2025-03-17 20:13:27.329508,HTTPS,172.20.1.181,17.248.192.3,58925,443,146
2025-03-17 20:13:27.339180,HTTPS,17.248.192.3,172.20.1.181,443,58925,369
2025-03-17 20:13:27.339183,HTTPS,17.248.192.3,172.20.1.181,443,58925,369
2025-03-17 20:13:27.339185,HTTPS,17.248.192.3,172.20.1.181,443,58925,128
2025-03-17 20:13:27.339984,HTTPS,172.20.1.181,17.248.192.3,58925,443,1403
2025-03-17 20:13:27.340320,TCP,172.20.1.181,17.248.192.3,58925,443,66
2025-03-17 20:13:27.340420,HTTPS,172.20.1.181,17.248.192.3,58925,443,97
2025-03-17 20:13:27.340504,HTTPS,172.20.1.181,17.248.192.3,58925,443,1514
2025-03-17 20:13:27.340509,HTTPS,172.20.1.181,17.248.192.3,58925,443,112
2025-03-17 20:13:27.340567,HTTPS,172.20.1.181,17.248.192.3,58925,443,97
2025-03-17 20:13:27.346648,TCP,17.248.193.33,172.20.1.181,443,58924,66
2025-03-17 20:13:27.346908,HTTPS,17.248.193.33,172.20.1.181,443,58924,299
2025-03-17 20:13:27.347047,TCP,172.20.1.181,17.248.193.33,58924,443,66
2025-03-17 20:13:27.350125,HTTPS,17.248.192.3,172.20.1.181,443,58925,97
2025-03-17 20:13:27.350266,TCP,172.20.1.181,17.248.192.3,58925,443,66
2025-03-17 20:13:27.350843,TCP,17.248.192.3,172.20.1.181,443,58925,66
2025-03-17 20:13:27.350845,TCP,17.248.192.3,172.20.1.181,443,58925,66
2025-03-17 20:13:27.379114,HTTPS,172.20.1.181,17.248.192.3,58925,443,101
2025-03-17 20:13:27.429935,TCP,17.248.192.3,172.20.1.181,443,58925,66
2025-03-17 20:13:27.430348,HTTPS,172.20.1.181,17.248.192.3,58925,443,221
2025-03-17 20:13:27.430674,HTTPS,172.20.1.181,17.248.192.3,58925,443,1514
2025-03-17 20:13:27.430685,HTTPS,172.20.1.181,17.248.192.3,58925,443,165
2025-03-17 20:13:27.430795,HTTPS,172.20.1.181,17.248.192.3,58925,443,97
2025-03-17 20:13:27.439526,TCP,17.248.192.3,172.20.1.181,443,58925,66
2025-03-17 20:13:27.441675,TCP,17.248.192.3,172.20.1.181,443,58925,66
2025-03-17 20:13:27.441677,TCP,17.248.192.3,172.20.1.181,443,58925,66
2025-03-17 20:13:27.441679,TCP,17.248.192.3,172.20.1.181,443,58925,66
2025-03-17 20:13:27.535579,HTTPS,17.248.192.3,172.20.1.181,443,58925,1514
2025-03-17 20:13:27.535583,TCP,17.248.192.3,172.20.1.181,443,58925,1514
2025-03-17 20:13:27.535587,HTTPS,17.248.192.3,172.20.1.181,443,58925,1505
2025-03-17 20:13:27.535589,HTTPS,17.248.192.3,172.20.1.181,443,58925,97
2025-03-17 20:13:27.536032,TCP,172.20.1.181,17.248.192.3,58925,443,66
2025-03-17 20:13:27.548773,HTTPS,172.20.1.181,17.248.192.3,58922,443,105
2025-03-17 20:13:27.549107,HTTPS,172.20.1.181,17.248.192.3,58922,443,90
2025-03-17 20:13:27.549371,TCP,172.20.1.181,17.248.192.3,58922,443,66
2025-03-17 20:13:27.561017,TCP,17.248.192.3,172.20.1.181,443,58922,66
2025-03-17 20:13:27.561021,TCP,17.248.192.3,172.20.1.181,443,58922,66
2025-03-17 20:13:27.562656,TCP,172.20.1.181,17.248.192.3,58922,443,66
2025-03-17 20:13:27.998506,TCP,172.20.1.181,17.248.192.3,58926,443,78
2025-03-17 20:13:28.009565,TCP,17.248.192.3,172.20.1.181,443,58926,74
2025-03-17 20:13:28.010524,TCP,172.20.1.181,17.248.192.3,58926,443,66
2025-03-17 20:13:28.010529,HTTPS,172.20.1.181,17.248.192.3,58926,443,583
2025-03-17 20:13:28.020268,TCP,17.248.192.3,172.20.1.181,443,58926,66
2025-03-17 20:13:28.021366,HTTPS,17.248.192.3,172.20.1.181,443,58926,1514
2025-03-17 20:13:28.021368,TCP,17.248.192.3,172.20.1.181,443,58926,1514
2025-03-17 20:13:28.021866,TCP,172.20.1.181,17.248.192.3,58926,443,66
2025-03-17 20:13:28.031754,HTTPS,17.248.192.3,172.20.1.181,443,58926,756
2025-03-17 20:13:28.032624,TCP,172.20.1.181,17.248.192.3,58926,443,66
2025-03-17 20:13:28.047295,HTTPS,172.20.1.181,17.248.192.3,58926,443,146
2025-03-17 20:13:28.050835,HTTPS,172.20.1.181,17.248.192.3,58926,443,1194
2025-03-17 20:13:28.051170,HTTPS,172.20.1.181,17.248.192.3,58926,443,1514
2025-03-17 20:13:28.057520,HTTPS,17.248.192.3,172.20.1.181,443,58926,369
2025-03-17 20:13:28.057525,HTTPS,17.248.192.3,172.20.1.181,443,58926,369
2025-03-17 20:13:28.057528,HTTPS,17.248.192.3,172.20.1.181,443,58926,128
2025-03-17 20:13:28.057988,TCP,172.20.1.181,17.248.192.3,58926,443,386
2025-03-17 20:13:28.061092,HTTPS,17.248.192.3,172.20.1.181,443,58926,97
2025-03-17 20:13:28.061304,TCP,172.20.1.181,17.248.192.3,58926,443,1194
2025-03-17 20:13:28.068210,TCP,17.248.192.3,172.20.1.181,443,58926,66
2025-03-17 20:13:28.068626,HTTPS,172.20.1.181,17.248.192.3,58926,443,183
2025-03-17 20:13:28.078788,TCP,17.248.192.3,172.20.1.181,443,58926,66
2025-03-17 20:13:28.134487,HTTPS,17.248.192.3,172.20.1.181,443,58926,834
2025-03-17 20:13:28.134892,TCP,172.20.1.181,17.248.192.3,58926,443,66
2025-03-17 20:13:28.188514,TCP,172.20.1.181,17.248.231.130,58927,443,78
2025-03-17 20:13:28.205048,TCP,17.248.231.130,172.20.1.181,443,58927,74
2025-03-17 20:13:28.205936,TCP,172.20.1.181,17.248.231.130,58927,443,66
2025-03-17 20:13:28.205943,HTTPS,172.20.1.181,17.248.231.130,58927,443,583
2025-03-17 20:13:28.222110,TCP,17.248.231.130,172.20.1.181,443,58927,66
2025-03-17 20:13:28.223428,HTTPS,17.248.231.130,172.20.1.181,443,58927,1514
2025-03-17 20:13:28.223432,TCP,17.248.231.130,172.20.1.181,443,58927,1514
2025-03-17 20:13:28.223436,HTTPS,17.248.231.130,172.20.1.181,443,58927,562
2025-03-17 20:13:28.224340,TCP,172.20.1.181,17.248.231.130,58927,443,66
2025-03-17 20:13:28.241793,HTTPS,172.20.1.181,17.248.231.130,58927,443,159
2025-03-17 20:13:28.260067,HTTPS,17.248.231.130,172.20.1.181,443,58927,117
2025-03-17 20:13:28.260071,HTTPS,17.248.231.130,172.20.1.181,443,58927,135
2025-03-17 20:13:28.261391,TCP,172.20.1.181,17.248.231.130,58927,443,66
2025-03-17 20:13:28.264774,HTTPS,172.20.1.181,17.248.231.130,58927,443,392
2025-03-17 20:13:28.264928,HTTPS,172.20.1.181,17.248.231.130,58927,443,104
2025-03-17 20:13:28.265260,HTTPS,172.20.1.181,17.248.231.130,58927,443,667
2025-03-17 20:13:28.269035,HTTPS,172.20.1.181,17.248.192.3,58925,443,105
2025-03-17 20:13:28.269340,HTTPS,172.20.1.181,17.248.192.3,58925,443,90
2025-03-17 20:13:28.269871,TCP,172.20.1.181,17.248.192.3,58925,443,66
2025-03-17 20:13:28.291569,TCP,172.20.1.181,17.248.192.3,58928,443,78
2025-03-17 20:13:28.292767,TCP,17.248.231.130,172.20.1.181,443,58927,66
2025-03-17 20:13:28.292770,HTTPS,17.248.231.130,172.20.1.181,443,58927,104
2025-03-17 20:13:28.292771,HTTPS,17.248.231.130,172.20.1.181,443,58927,298
2025-03-17 20:13:28.293502,TCP,172.20.1.181,17.248.231.130,58927,443,66
2025-03-17 20:13:28.303613,TCP,17.248.192.3,172.20.1.181,443,58925,66
2025-03-17 20:13:28.303616,TCP,17.248.192.3,172.20.1.181,443,58925,66
2025-03-17 20:13:28.303619,TCP,17.248.192.3,172.20.1.181,443,58928,74
2025-03-17 20:13:28.303621,TCP,17.248.192.3,172.20.1.181,443,58925,66
2025-03-17 20:13:28.304578,TCP,172.20.1.181,17.248.192.3,58925,443,66
2025-03-17 20:13:28.304590,TCP,172.20.1.181,17.248.192.3,58928,443,66
2025-03-17 20:13:28.304591,HTTPS,172.20.1.181,17.248.192.3,58928,443,583
2025-03-17 20:13:28.314937,TCP,17.248.192.3,172.20.1.181,443,58928,66
2025-03-17 20:13:28.318590,HTTPS,17.248.192.3,172.20.1.181,443,58928,1514
2025-03-17 20:13:28.318593,TCP,17.248.192.3,172.20.1.181,443,58928,1514
2025-03-17 20:13:28.318595,HTTPS,17.248.192.3,172.20.1.181,443,58928,756
2025-03-17 20:13:28.319681,TCP,172.20.1.181,17.248.192.3,58928,443,66
2025-03-17 20:13:28.329808,HTTPS,172.20.1.181,17.248.192.3,58928,443,146
2025-03-17 20:13:28.340019,HTTPS,17.248.192.3,172.20.1.181,443,58928,369
2025-03-17 20:13:28.340023,HTTPS,17.248.192.3,172.20.1.181,443,58928,369
2025-03-17 20:13:28.340024,HTTPS,17.248.192.3,172.20.1.181,443,58928,128
2025-03-17 20:13:28.340440,HTTPS,172.20.1.181,17.248.192.3,58928,443,1408
2025-03-17 20:13:28.340788,TCP,172.20.1.181,17.248.192.3,58928,443,66
2025-03-17 20:13:28.340912,HTTPS,172.20.1.181,17.248.192.3,58928,443,97
2025-03-17 20:13:28.341049,HTTPS,172.20.1.181,17.248.192.3,58928,443,1514
2025-03-17 20:13:28.341056,HTTPS,172.20.1.181,17.248.192.3,58928,443,285
2025-03-17 20:13:28.341119,HTTPS,172.20.1.181,17.248.192.3,58928,443,97
2025-03-17 20:13:28.350063,HTTPS,17.248.192.3,172.20.1.181,443,58928,97
2025-03-17 20:13:28.350500,TCP,172.20.1.181,17.248.192.3,58928,443,66
2025-03-17 20:13:28.352174,TCP,17.248.192.3,172.20.1.181,443,58928,66
2025-03-17 20:13:28.381864,TCP,172.20.1.181,17.248.192.3,58928,443,97
2025-03-17 20:13:28.393556,TCP,17.248.192.3,172.20.1.181,443,58928,66
2025-03-17 20:13:28.393559,TCP,17.248.192.3,172.20.1.181,443,58928,78
2025-03-17 20:13:28.532302,HTTPS,17.248.192.3,172.20.1.181,443,58928,1399
2025-03-17 20:13:28.532769,TCP,172.20.1.181,17.248.192.3,58928,443,66
2025-03-17 20:13:28.589554,HTTPS,172.20.1.181,17.248.192.3,58928,443,240
2025-03-17 20:13:28.589869,HTTPS,172.20.1.181,17.248.192.3,58928,443,1009
2025-03-17 20:13:28.589941,HTTPS,172.20.1.181,17.248.192.3,58928,443,97
2025-03-17 20:13:28.599043,TCP,17.248.192.3,172.20.1.181,443,58928,66
2025-03-17 20:13:28.600062,TCP,17.248.192.3,172.20.1.181,443,58928,66
2025-03-17 20:13:28.600064,TCP,17.248.192.3,172.20.1.181,443,58928,66
2025-03-17 20:13:28.640573,HTTPS,17.248.192.3,172.20.1.181,443,58928,1514
2025-03-17 20:13:28.640577,TCP,17.248.192.3,172.20.1.181,443,58928,1514
2025-03-17 20:13:28.640579,TCP,17.248.192.3,172.20.1.181,443,58928,1514
2025-03-17 20:13:28.640583,HTTPS,17.248.192.3,172.20.1.181,443,58928,170
2025-03-17 20:13:28.640995,TCP,172.20.1.181,17.248.192.3,58928,443,66
2025-03-17 20:13:28.856928,HTTPS,172.20.1.181,17.248.192.3,58928,443,201
2025-03-17 20:13:28.857207,HTTPS,172.20.1.181,17.248.192.3,58928,443,1010
2025-03-17 20:13:28.857305,HTTPS,172.20.1.181,17.248.192.3,58928,443,97
2025-03-17 20:13:28.867543,TCP,17.248.192.3,172.20.1.181,443,58928,66
2025-03-17 20:13:28.891770,TCP,172.20.1.181,17.248.192.3,58929,443,78
2025-03-17 20:13:28.902045,TCP,17.248.192.3,172.20.1.181,443,58929,74
2025-03-17 20:13:28.902049,HTTPS,17.248.192.3,172.20.1.181,443,58928,706
2025-03-17 20:13:28.902999,TCP,172.20.1.181,17.248.192.3,58929,443,66
2025-03-17 20:13:28.903006,HTTPS,172.20.1.181,17.248.192.3,58929,443,583
2025-03-17 20:13:28.903007,TCP,172.20.1.181,17.248.192.3,58928,443,66
2025-03-17 20:13:28.903479,HTTPS,17.248.192.3,172.20.1.181,443,58928,97
2025-03-17 20:13:28.903759,TCP,172.20.1.181,17.248.192.3,58928,443,66
2025-03-17 20:13:28.913094,TCP,17.248.192.3,172.20.1.181,443,58929,66
2025-03-17 20:13:28.913096,HTTPS,17.248.192.3,172.20.1.181,443,58929,1514
2025-03-17 20:13:28.913529,TCP,172.20.1.181,17.248.192.3,58929,443,66
2025-03-17 20:13:28.913696,TCP,17.248.192.3,172.20.1.181,443,58929,1514
2025-03-17 20:13:28.913698,HTTPS,17.248.192.3,172.20.1.181,443,58929,756
2025-03-17 20:13:28.914095,TCP,172.20.1.181,17.248.192.3,58929,443,66
2025-03-17 20:13:28.923629,HTTPS,172.20.1.181,17.248.192.3,58929,443,146
2025-03-17 20:13:28.934217,HTTPS,17.248.192.3,172.20.1.181,443,58929,369
2025-03-17 20:13:28.934219,HTTPS,17.248.192.3,172.20.1.181,443,58929,369
2025-03-17 20:13:28.934221,HTTPS,17.248.192.3,172.20.1.181,443,58929,128
2025-03-17 20:13:28.934594,TCP,172.20.1.181,17.248.192.3,58929,443,66
2025-03-17 20:13:28.937396,HTTPS,172.20.1.181,17.248.192.3,58929,443,1403
2025-03-17 20:13:28.937616,HTTPS,172.20.1.181,17.248.192.3,58929,443,97
2025-03-17 20:13:28.937721,HTTPS,172.20.1.181,17.248.192.3,58929,443,1514
2025-03-17 20:13:28.937728,HTTPS,172.20.1.181,17.248.192.3,58929,443,315
2025-03-17 20:13:28.937780,HTTPS,172.20.1.181,17.248.192.3,58929,443,97
2025-03-17 20:13:28.947625,HTTPS,17.248.192.3,172.20.1.181,443,58929,97
2025-03-17 20:13:28.947629,TCP,17.248.192.3,172.20.1.181,443,58929,66
2025-03-17 20:13:28.947883,TCP,172.20.1.181,17.248.192.3,58929,443,66
2025-03-17 20:13:28.979889,TCP,172.20.1.181,17.248.192.3,58929,443,97
2025-03-17 20:13:28.989184,TCP,17.248.192.3,172.20.1.181,443,58929,66
2025-03-17 20:13:28.989187,TCP,17.248.192.3,172.20.1.181,443,58929,78
2025-03-17 20:13:29.028564,HTTPS,17.248.192.3,172.20.1.181,443,58929,1514
2025-03-17 20:13:29.028568,TCP,17.248.192.3,172.20.1.181,443,58929,1514
2025-03-17 20:13:29.028571,TCP,17.248.192.3,172.20.1.181,443,58929,1514
2025-03-17 20:13:29.028573,HTTPS,17.248.192.3,172.20.1.181,443,58929,249
2025-03-17 20:13:29.028576,HTTPS,17.248.192.3,172.20.1.181,443,58929,97
2025-03-17 20:13:29.029074,TCP,172.20.1.181,17.248.192.3,58929,443,66
2025-03-17 20:13:29.041712,HTTPS,172.20.1.181,17.248.192.3,58926,443,105
2025-03-17 20:13:29.042009,HTTPS,172.20.1.181,17.248.192.3,58926,443,90
2025-03-17 20:13:29.042241,TCP,172.20.1.181,17.248.192.3,58926,443,66
2025-03-17 20:13:29.051870,TCP,17.248.192.3,172.20.1.181,443,58926,66
2025-03-17 20:13:29.051873,TCP,17.248.192.3,172.20.1.181,443,58926,66
2025-03-17 20:13:29.052085,TCP,172.20.1.181,17.248.192.3,58926,443,66
2025-03-17 20:13:29.052911,TCP,17.248.192.3,172.20.1.181,443,58926,66
2025-03-17 20:13:29.460645,HTTPS,172.20.1.181,17.248.192.3,58928,443,105
2025-03-17 20:13:29.460876,HTTPS,172.20.1.181,17.248.192.3,58928,443,90
2025-03-17 20:13:29.461280,TCP,172.20.1.181,17.248.192.3,58928,443,66
2025-03-17 20:13:29.461954,TCP,172.20.1.181,17.248.192.3,58930,443,78
2025-03-17 20:13:29.494383,TCP,17.248.192.3,172.20.1.181,443,58928,66
2025-03-17 20:13:29.494385,TCP,17.248.192.3,172.20.1.181,443,58928,66
2025-03-17 20:13:29.494499,TCP,172.20.1.181,17.248.192.3,58928,443,66
2025-03-17 20:13:29.494612,TCP,17.248.192.3,172.20.1.181,443,58930,74
2025-03-17 20:13:29.495000,TCP,172.20.1.181,17.248.192.3,58930,443,66
2025-03-17 20:13:29.495002,HTTPS,172.20.1.181,17.248.192.3,58930,443,583
2025-03-17 20:13:29.507943,TCP,17.248.192.3,172.20.1.181,443,58930,66
2025-03-17 20:13:29.508914,HTTPS,17.248.192.3,172.20.1.181,443,58930,1514
2025-03-17 20:13:29.508916,TCP,17.248.192.3,172.20.1.181,443,58930,1514
2025-03-17 20:13:29.509234,TCP,172.20.1.181,17.248.192.3,58930,443,66
2025-03-17 20:13:29.519568,HTTPS,17.248.192.3,172.20.1.181,443,58930,758
2025-03-17 20:13:29.520661,TCP,172.20.1.181,17.248.192.3,58930,443,66
2025-03-17 20:13:29.535183,HTTPS,172.20.1.181,17.248.192.3,58930,443,146
2025-03-17 20:13:29.537320,HTTPS,172.20.1.181,17.248.192.3,58930,443,1196
2025-03-17 20:13:29.537715,HTTPS,172.20.1.181,17.248.192.3,58930,443,1514
2025-03-17 20:13:29.548398,TCP,17.248.192.3,172.20.1.181,443,58930,66
2025-03-17 20:13:29.548399,HTTPS,17.248.192.3,172.20.1.181,443,58930,369
2025-03-17 20:13:29.548400,HTTPS,17.248.192.3,172.20.1.181,443,58930,369
2025-03-17 20:13:29.548401,HTTPS,17.248.192.3,172.20.1.181,443,58930,137
2025-03-17 20:13:29.548624,TCP,172.20.1.181,17.248.192.3,58930,443,1514
2025-03-17 20:13:29.559156,TCP,17.248.192.3,172.20.1.181,443,58930,66
2025-03-17 20:13:29.559243,HTTPS,172.20.1.181,17.248.192.3,58930,443,391
2025-03-17 20:13:29.610767,TCP,17.248.192.3,172.20.1.181,443,58930,66
2025-03-17 20:13:29.628947,HTTPS,17.248.192.3,172.20.1.181,443,58930,833
2025-03-17 20:13:29.629163,TCP,172.20.1.181,17.248.192.3,58930,443,66
2025-03-17 20:13:29.693531,HTTPS,172.20.1.181,17.248.192.3,58929,443,105
2025-03-17 20:13:29.693796,HTTPS,172.20.1.181,17.248.192.3,58929,443,90
2025-03-17 20:13:29.694199,TCP,172.20.1.181,17.248.192.3,58929,443,66
2025-03-17 20:13:29.703480,TCP,17.248.192.3,172.20.1.181,443,58929,66
2025-03-17 20:13:29.704896,TCP,17.248.192.3,172.20.1.181,443,58929,66
2025-03-17 20:13:29.704897,TCP,17.248.192.3,172.20.1.181,443,58929,66
2025-03-17 20:13:29.705218,TCP,172.20.1.181,17.248.192.3,58929,443,66
2025-03-17 20:13:29.711215,TCP,172.20.1.181,17.248.192.3,58931,443,78
2025-03-17 20:13:29.724666,TCP,17.248.192.3,172.20.1.181,443,58931,74
2025-03-17 20:13:29.725453,TCP,172.20.1.181,17.248.192.3,58931,443,66
2025-03-17 20:13:29.725458,HTTPS,172.20.1.181,17.248.192.3,58931,443,583
2025-03-17 20:13:29.735280,TCP,17.248.192.3,172.20.1.181,443,58931,66
2025-03-17 20:13:29.736649,HTTPS,17.248.192.3,172.20.1.181,443,58931,1514
2025-03-17 20:13:29.736652,TCP,17.248.192.3,172.20.1.181,443,58931,1514
2025-03-17 20:13:29.736656,HTTPS,17.248.192.3,172.20.1.181,443,58931,757
2025-03-17 20:13:29.737929,TCP,172.20.1.181,17.248.192.3,58931,443,66
2025-03-17 20:13:29.747061,HTTPS,172.20.1.181,17.248.192.3,58931,443,146
2025-03-17 20:13:29.755542,HTTPS,172.20.1.181,17.248.192.3,58931,443,1407
2025-03-17 20:13:29.755753,HTTPS,172.20.1.181,17.248.192.3,58931,443,1514
2025-03-17 20:13:29.755762,HTTPS,172.20.1.181,17.248.192.3,58931,443,287
2025-03-17 20:13:29.755867,HTTPS,172.20.1.181,17.248.192.3,58931,443,97
2025-03-17 20:13:29.756776,HTTPS,17.248.192.3,172.20.1.181,443,58931,369
2025-03-17 20:13:29.757005,TCP,172.20.1.181,17.248.192.3,58931,443,66
2025-03-17 20:13:29.757318,HTTPS,17.248.192.3,172.20.1.181,443,58931,369
2025-03-17 20:13:29.757321,HTTPS,17.248.192.3,172.20.1.181,443,58931,128
2025-03-17 20:13:29.757518,TCP,172.20.1.181,17.248.192.3,58931,443,66
2025-03-17 20:13:29.757664,HTTPS,172.20.1.181,17.248.192.3,58931,443,97
2025-03-17 20:13:29.765245,HTTPS,17.248.192.3,172.20.1.181,443,58931,97
2025-03-17 20:13:29.765484,TCP,172.20.1.181,17.248.192.3,58931,443,66
2025-03-17 20:13:29.766265,TCP,17.248.192.3,172.20.1.181,443,58931,66
2025-03-17 20:13:29.768478,TCP,17.248.192.3,172.20.1.181,443,58931,66
2025-03-17 20:13:30.114898,HTTPS,17.248.192.3,172.20.1.181,443,58931,1399
2025-03-17 20:13:30.115290,TCP,172.20.1.181,17.248.192.3,58931,443,66
2025-03-17 20:13:30.174586,HTTPS,172.20.1.181,17.248.192.3,58931,443,292
2025-03-17 20:13:30.174829,HTTPS,172.20.1.181,17.248.192.3,58931,443,1010
2025-03-17 20:13:30.174956,HTTPS,172.20.1.181,17.248.192.3,58931,443,97
2025-03-17 20:13:30.185223,TCP,17.248.192.3,172.20.1.181,443,58931,66
2025-03-17 20:13:30.237062,HTTPS,17.248.192.3,172.20.1.181,443,58931,1514
2025-03-17 20:13:30.237066,TCP,17.248.192.3,172.20.1.181,443,58931,1514
2025-03-17 20:13:30.237069,TCP,17.248.192.3,172.20.1.181,443,58931,1514
2025-03-17 20:13:30.237072,HTTPS,17.248.192.3,172.20.1.181,443,58931,200
2025-03-17 20:13:30.237532,TCP,172.20.1.181,17.248.192.3,58931,443,66
2025-03-17 20:13:30.922003,HTTPS,172.20.1.181,52.96.188.146,58913,443,1514
2025-03-17 20:13:30.922064,TCP,172.20.1.181,52.96.188.146,58913,443,666
2025-03-17 20:13:30.922095,HTTPS,172.20.1.181,52.96.188.146,58913,443,1316
2025-03-17 20:13:30.922649,HTTPS,172.20.1.181,52.96.188.146,58913,443,522
2025-03-17 20:13:30.942830,TCP,52.96.188.146,172.20.1.181,443,58913,66
2025-03-17 20:13:30.942832,TCP,52.96.188.146,172.20.1.181,443,58913,66
2025-03-17 20:13:31.054356,HTTPS,52.96.188.146,172.20.1.181,443,58913,229
2025-03-17 20:13:31.054358,HTTPS,52.96.188.146,172.20.1.181,443,58913,108
2025-03-17 20:13:31.054359,HTTPS,52.96.188.146,172.20.1.181,443,58913,108
2025-03-17 20:13:31.054361,HTTPS,52.96.188.146,172.20.1.181,443,58913,108
2025-03-17 20:13:31.054362,HTTPS,52.96.188.146,172.20.1.181,443,58913,378
2025-03-17 20:13:31.054363,HTTPS,52.96.188.146,172.20.1.181,443,58913,196
2025-03-17 20:13:31.054364,HTTPS,52.96.188.146,172.20.1.181,443,58913,104
2025-03-17 20:13:31.054705,TCP,172.20.1.181,52.96.188.146,58913,443,66
2025-03-17 20:13:31.942643,HTTPS,172.20.1.181,17.248.192.3,58931,443,105
2025-03-17 20:13:31.943293,HTTPS,172.20.1.181,17.248.192.3,58931,443,90
2025-03-17 20:13:31.944449,TCP,172.20.1.181,17.248.192.3,58931,443,66
2025-03-17 20:13:31.954729,TCP,17.248.192.3,172.20.1.181,443,58931,66
2025-03-17 20:13:31.954732,TCP,17.248.192.3,172.20.1.181,443,58931,66
2025-03-17 20:13:31.954949,TCP,172.20.1.181,17.248.192.3,58931,443,66
2025-03-17 20:13:31.955931,TCP,17.248.192.3,172.20.1.181,443,58931,66
2025-03-17 20:13:32.026882,HTTPS,162.159.133.234,172.20.1.181,443,56175,107
2025-03-17 20:13:32.027096,TCP,172.20.1.181,162.159.133.234,56175,443,66
2025-03-17 20:13:32.167305,HTTPS,172.20.1.181,162.159.133.234,56175,443,120
2025-03-17 20:13:32.177996,TCP,162.159.133.234,172.20.1.181,443,56175,66
2025-03-17 20:13:32.250309,HTTPS,162.159.133.234,172.20.1.181,443,56175,100
2025-03-17 20:13:32.250503,TCP,172.20.1.181,162.159.133.234,56175,443,66
